channel,phase,n_events,n_spikes_total,baseline_rate_mean_hz,response_rate_mean_hz,delta_rate_mean_hz,delta_rate_median_hz,wilcoxon_p,class
1,rating,56,235,0.10714285714285714,0.21428571428571427,0.10714285714285714,0.0,0.19802059056814203,neutral
1,free,88,235,0.1590909090909091,0.22727272727272727,0.06818181818181818,0.0,0.41294429882753614,neutral
1,all,144,235,0.1388888888888889,0.2222222222222222,0.08333333333333333,0.0,0.16443597704494695,neutral
2,rating,56,805,0.6785714285714286,0.4642857142857143,-0.21428571428571427,0.0,0.1975611802631354,neutral
2,free,88,805,0.45454545454545453,0.5568181818181818,0.10227272727272728,0.0,0.4635072649230244,neutral
2,all,144,805,0.5416666666666666,0.5208333333333334,-0.020833333333333332,0.0,0.7709813144996072,neutral
3,rating,56,23,0.0,0.0,0.0,0.0,1.0,neutral
3,free,88,23,0.022727272727272728,0.011363636363636364,-0.011363636363636364,0.0,0.6547208460185769,neutral
3,all,144,23,0.013888888888888888,0.006944444444444444,-0.006944444444444444,0.0,0.6547208460185769,neutral
4,rating,56,10,0.0,0.0,0.0,0.0,1.0,neutral
4,free,88,10,0.022727272727272728,0.011363636363636364,-0.011363636363636364,0.0,0.6547208460185769,neutral
4,all,144,10,0.013888888888888888,0.006944444444444444,-0.006944444444444444,0.0,0.6547208460185769,neutral
5,rating,56,103,0.0,0.05357142857142857,0.05357142857142857,0.0,0.08326451666355039,neutral
5,free,88,103,0.1590909090909091,0.07954545454545454,-0.07954545454545454,0.0,0.1564344013335044,neutral
5,all,144,103,0.09722222222222222,0.06944444444444445,-0.027777777777777776,0.0,0.36503027183830405,neutral
6,rating,56,2539,1.75,1.8392857142857142,0.08928571428571429,0.5,0.5801952684399405,neutral
6,free,88,2539,1.7727272727272727,1.9090909090909092,0.13636363636363635,0.5,0.4763222782154788,neutral
6,all,144,2539,1.7638888888888888,1.8819444444444444,0.11805555555555555,0.5,0.36795952086890304,neutral
7,rating,56,169,0.17857142857142858,0.14285714285714285,-0.03571428571428571,0.0,0.5413007280472231,neutral
7,free,88,169,0.06818181818181818,0.10227272727272728,0.03409090909090909,0.0,0.6790056128095342,neutral
7,all,144,169,0.1111111111111111,0.11805555555555555,0.006944444444444444,0.0,0.8371840916024397,neutral
8,rating,56,4,0.0,0.0,0.0,0.0,1.0,neutral
8,free,88,4,0.0,0.0,0.0,0.0,1.0,neutral
8,all,144,4,0.0,0.0,0.0,0.0,1.0,neutral
9,rating,56,7,0.0,0.0,0.0,0.0,1.0,neutral
9,free,88,7,0.0,0.0,0.0,0.0,1.0,neutral
9,all,144,7,0.0,0.0,0.0,0.0,1.0,neutral
10,rating,56,1937,1.5357142857142858,1.5892857142857142,0.05357142857142857,0.0,0.9879200034420267,neutral
10,free,88,1937,1.2272727272727273,1.2386363636363635,0.011363636363636364,0.0,0.9243967958039176,neutral
10,all,144,1937,1.3472222222222223,1.375,0.027777777777777776,0.0,0.9465635792246905,neutral
11,rating,56,1206,1.2142857142857142,1.5,0.2857142857142857,1.0,0.14993958655894668,neutral
11,free,88,1206,0.6818181818181818,0.6818181818181818,0.0,0.0,0.8706981538926696,neutral
11,all,144,1206,0.8888888888888888,1.0,0.1111111111111111,0.0,0.3833370653020711,neutral
12,rating,56,19,0.0,0.0,0.0,0.0,1.0,neutral
12,free,88,19,0.0,0.022727272727272728,0.022727272727272728,0.0,0.15729920705028505,neutral
12,all,144,19,0.0,0.013888888888888888,0.013888888888888888,0.0,0.15729920705028505,neutral
13,rating,56,27,0.03571428571428571,0.03571428571428571,0.0,0.0,1.0,neutral
13,free,88,27,0.06818181818181818,0.011363636363636364,-0.056818181818181816,0.0,0.1305700181157362,neutral
13,all,144,27,0.05555555555555555,0.020833333333333332,-0.034722222222222224,0.0,0.16532715423132338,neutral
14,rating,56,1156,1.0357142857142858,0.9464285714285714,-0.08928571428571429,0.0,0.6058833211246876,neutral
14,free,88,1156,0.7954545454545454,0.9318181818181818,0.13636363636363635,0.0,0.3193604949928661,neutral
14,all,144,1156,0.8888888888888888,0.9375,0.04861111111111111,0.0,0.7976729024754498,neutral
15,rating,56,1388,1.0714285714285714,0.8392857142857143,-0.23214285714285715,0.0,0.359614651565927,neutral
15,free,88,1388,1.2954545454545454,1.4318181818181819,0.13636363636363635,0.0,0.62844770690235,neutral
15,all,144,1388,1.2083333333333333,1.2013888888888888,-0.006944444444444444,0.0,0.8691562749896223,neutral
16,rating,56,4,0.0,0.0,0.0,0.0,1.0,neutral
16,free,88,4,0.0,0.011363636363636364,0.011363636363636364,0.0,0.31731050786291415,neutral
16,all,144,4,0.0,0.006944444444444444,0.006944444444444444,0.0,0.31731050786291415,neutral
17,rating,56,5013,3.9285714285714284,4.214285714285714,0.2857142857142857,1.0,0.2041677148623462,neutral
17,free,88,5013,3.659090909090909,3.9545454545454546,0.29545454545454547,0.0,0.28759156258685736,neutral
17,all,144,5013,3.763888888888889,4.055555555555555,0.2916666666666667,0.0,0.09571295318495246,neutral
18,rating,56,921,0.39285714285714285,0.8214285714285714,0.42857142857142855,0.0,0.016158452870318654,neutral
18,free,88,921,0.75,0.7386363636363636,-0.011363636363636364,0.0,0.7441036853252296,neutral
18,all,144,921,0.6111111111111112,0.7708333333333334,0.1597222222222222,0.0,0.10289768164810478,neutral
19,rating,56,584,0.42857142857142855,0.42857142857142855,0.0,0.0,0.6171824741996825,neutral
19,free,88,584,0.25,0.45454545454545453,0.20454545454545456,0.0,0.07315200495840675,neutral
19,all,144,584,0.3194444444444444,0.4444444444444444,0.125,0.0,0.3427095267829836,neutral
20,rating,56,2194,1.4642857142857142,1.4821428571428572,0.017857142857142856,0.0,0.7605594703999834,neutral
20,free,88,2194,1.5227272727272727,1.4659090909090908,-0.056818181818181816,0.0,0.9952467453693733,neutral
20,all,144,2194,1.5,1.4722222222222223,-0.027777777777777776,0.0,0.8261218400064856,neutral
21,rating,56,67,0.07142857142857142,0.07142857142857142,0.0,0.0,0.9138785990313087,neutral
21,free,88,67,0.0,0.03409090909090909,0.03409090909090909,0.0,0.08326451666355039,neutral
21,all,144,67,0.027777777777777776,0.04861111111111111,0.020833333333333332,0.0,0.49219011763337894,neutral
22,rating,56,1472,1.1071428571428572,1.1964285714285714,0.08928571428571429,0.0,0.6509974526883244,neutral
22,free,88,1472,0.8863636363636364,1.1022727272727273,0.2159090909090909,0.0,0.19298940043430812,neutral
22,all,144,1472,0.9722222222222222,1.1388888888888888,0.16666666666666666,0.0,0.2131265952474386,neutral
23,rating,56,408,0.21428571428571427,0.26785714285714285,0.05357142857142857,0.0,0.7494891847934775,neutral
23,free,88,408,0.18181818181818182,0.25,0.06818181818181818,0.0,0.7226930586724964,neutral
23,all,144,408,0.19444444444444445,0.2569444444444444,0.0625,0.0,0.6597738265121739,neutral
24,rating,56,301,0.17857142857142858,0.07142857142857142,-0.10714285714285714,0.0,0.1281465612656797,neutral
24,free,88,301,0.25,0.20454545454545456,-0.045454545454545456,0.0,0.4132106184926828,neutral
24,all,144,301,0.2222222222222222,0.1527777777777778,-0.06944444444444445,0.0,0.1136237677982293,neutral
25,rating,56,19,0.03571428571428571,0.017857142857142856,-0.017857142857142856,0.0,0.6547208460185769,neutral
25,free,88,19,0.0,0.022727272727272728,0.022727272727272728,0.0,0.15729920705028505,neutral
25,all,144,19,0.013888888888888888,0.020833333333333332,0.006944444444444444,0.0,0.7054569861112734,neutral
26,rating,56,458,0.17857142857142858,0.2857142857142857,0.10714285714285714,0.0,0.4828996977801916,neutral
26,free,88,458,0.25,0.3181818181818182,0.06818181818181818,0.0,0.6820217718290198,neutral
26,all,144,458,0.2222222222222222,0.3055555555555556,0.08333333333333333,0.0,0.47237882635528317,neutral
27,rating,56,1012,0.9285714285714286,0.7321428571428571,-0.19642857142857142,0.0,0.3142868174851541,neutral
27,free,88,1012,0.8863636363636364,0.9431818181818182,0.056818181818181816,0.0,0.7731180730757452,neutral
27,all,144,1012,0.9027777777777778,0.8611111111111112,-0.041666666666666664,0.0,0.6957066606181365,neutral
28,rating,56,62,0.03571428571428571,0.08928571428571429,0.05357142857142857,0.0,0.40762594770278093,neutral
28,free,88,62,0.022727272727272728,0.022727272727272728,0.0,0.0,1.0,neutral
28,all,144,62,0.027777777777777776,0.04861111111111111,0.020833333333333332,0.0,0.5637028616507731,neutral
29,rating,56,271,0.07142857142857142,0.2857142857142857,0.21428571428571427,0.0,0.008237647534476743,neutral
29,free,88,271,0.11363636363636363,0.10227272727272728,-0.011363636363636364,0.0,0.9710067758791642,neutral
29,all,144,271,0.09722222222222222,0.1736111111111111,0.0763888888888889,0.0,0.0923358926817188,neutral
30,rating,56,127,0.17857142857142858,0.07142857142857142,-0.10714285714285714,0.0,0.25430596599062305,neutral
30,free,88,127,0.13636363636363635,0.07954545454545454,-0.056818181818181816,0.0,0.2716850961081695,neutral
30,all,144,127,0.1527777777777778,0.0763888888888889,-0.0763888888888889,0.0,0.09857488528517955,neutral
31,rating,56,9508,7.357142857142857,7.25,-0.10714285714285714,0.0,0.8029260182281484,neutral
31,free,88,9508,7.136363636363637,6.5,-0.6363636363636364,0.0,0.2819239383391864,neutral
31,all,144,9508,7.222222222222222,6.791666666666667,-0.4305555555555556,0.0,0.29795967761702025,neutral
32,rating,56,1,0.0,0.0,0.0,0.0,1.0,neutral
32,free,88,1,0.0,0.0,0.0,0.0,1.0,neutral
32,all,144,1,0.0,0.0,0.0,0.0,1.0,neutral
33,rating,56,639,0.35714285714285715,0.5178571428571429,0.16071428571428573,0.0,0.33129854004260384,neutral
33,free,88,639,0.6590909090909091,0.375,-0.2840909090909091,0.0,0.01906155379700978,neutral
33,all,144,639,0.5416666666666666,0.4305555555555556,-0.1111111111111111,0.0,0.16180004682173266,neutral
34,rating,56,6480,4.964285714285714,4.446428571428571,-0.5178571428571429,0.0,0.3065500867481765,neutral
34,free,88,6480,4.636363636363637,4.920454545454546,0.2840909090909091,0.5,0.25066355763485937,neutral
34,all,144,6480,4.763888888888889,4.736111111111111,-0.027777777777777776,0.0,0.7756394110219507,neutral
35,rating,56,615,0.5357142857142857,0.5,-0.03571428571428571,0.0,0.6633161548021481,neutral
35,free,88,615,0.5681818181818182,0.5795454545454546,0.011363636363636364,0.0,0.8080825593189009,neutral
35,all,144,615,0.5555555555555556,0.5486111111111112,-0.006944444444444444,0.0,0.945920605324867,neutral
36,rating,56,813,0.8571428571428571,0.5892857142857143,-0.26785714285714285,0.0,0.12584628231059677,neutral
36,free,88,813,0.6590909090909091,0.6136363636363636,-0.045454545454545456,0.0,0.8282099143811419,neutral
36,all,144,813,0.7361111111111112,0.6041666666666666,-0.13194444444444445,0.0,0.24430930804675366,neutral
37,rating,56,16521,10.25,10.892857142857142,0.6428571428571429,0.0,0.41409894787844703,neutral
37,free,88,16521,13.522727272727273,14.034090909090908,0.5113636363636364,0.0,0.3455080140331167,neutral
37,all,144,16521,12.25,12.8125,0.5625,0.0,0.21779607124853928,neutral
38,rating,56,526,0.25,0.5178571428571429,0.26785714285714285,0.0,0.019402013588344542,neutral
38,free,88,526,0.5681818181818182,0.32954545454545453,-0.23863636363636365,0.0,0.04724030090264262,neutral
38,all,144,526,0.4444444444444444,0.4027777777777778,-0.041666666666666664,0.0,0.5184598208528681,neutral
39,rating,56,745,0.5714285714285714,0.5535714285714286,-0.017857142857142856,0.0,0.7354146752657996,neutral
39,free,88,745,0.5909090909090909,0.5340909090909091,-0.056818181818181816,0.0,0.7902132040044125,neutral
39,all,144,745,0.5833333333333334,0.5416666666666666,-0.041666666666666664,0.0,0.6534213883852775,neutral
40,rating,56,11,0.0,0.0,0.0,0.0,1.0,neutral
40,free,88,11,0.0,0.011363636363636364,0.011363636363636364,0.0,0.31731050786291415,neutral
40,all,144,11,0.0,0.006944444444444444,0.006944444444444444,0.0,0.31731050786291415,neutral
41,rating,56,735,0.4642857142857143,0.625,0.16071428571428573,0.0,0.5927616748668111,neutral
41,free,88,735,0.5909090909090909,0.4659090909090909,-0.125,0.0,0.3557464300504004,neutral
41,all,144,735,0.5416666666666666,0.5277777777777778,-0.013888888888888888,0.0,0.7265635210701799,neutral
42,rating,56,309,0.35714285714285715,0.16071428571428573,-0.19642857142857142,0.0,0.08480711559554274,neutral
42,free,88,309,0.18181818181818182,0.1590909090909091,-0.022727272727272728,0.0,0.7700169896399772,neutral
42,all,144,309,0.25,0.1597222222222222,-0.09027777777777778,0.0,0.12770506996829545,neutral
43,rating,56,21,0.0,0.0,0.0,0.0,1.0,neutral
43,free,88,21,0.0,0.011363636363636364,0.011363636363636364,0.0,0.31731050786291415,neutral
43,all,144,21,0.0,0.006944444444444444,0.006944444444444444,0.0,0.31731050786291415,neutral
44,rating,56,1555,1.5714285714285714,1.2321428571428572,-0.3392857142857143,0.0,0.34531492663051255,neutral
44,free,88,1555,1.0681818181818181,0.9545454545454546,-0.11363636363636363,0.0,0.6381128211555076,neutral
44,all,144,1555,1.2638888888888888,1.0625,-0.2013888888888889,0.0,0.32765845894419066,neutral
45,rating,56,1045,0.8928571428571429,0.6785714285714286,-0.21428571428571427,0.0,0.29491031809024426,neutral
45,free,88,1045,0.6818181818181818,0.9431818181818182,0.26136363636363635,0.0,0.16683485790104058,neutral
45,all,144,1045,0.7638888888888888,0.8402777777777778,0.0763888888888889,0.0,0.6310285046980166,neutral
46,rating,56,1162,0.75,0.7678571428571429,0.017857142857142856,0.0,0.8782990517158221,neutral
46,free,88,1162,0.9318181818181818,1.0568181818181819,0.125,0.0,0.39839052946089304,neutral
46,all,144,1162,0.8611111111111112,0.9444444444444444,0.08333333333333333,0.0,0.44504633716207975,neutral
47,rating,56,6760,5.642857142857143,5.089285714285714,-0.5535714285714286,-1.0,0.18985378960695298,neutral
47,free,88,6760,4.886363636363637,4.693181818181818,-0.19318181818181818,0.0,0.6996939821952521,neutral
47,all,144,6760,5.180555555555555,4.847222222222222,-0.3333333333333333,0.0,0.259380699643426,neutral
48,rating,56,1946,1.3214285714285714,1.4285714285714286,0.10714285714285714,0.0,0.5803271921949755,neutral
48,free,88,1946,1.4772727272727273,1.3522727272727273,-0.125,0.0,0.7986075133001093,neutral
48,all,144,1946,1.4166666666666667,1.3819444444444444,-0.034722222222222224,0.0,0.9108725694193768,neutral
49,rating,56,968,0.5,0.42857142857142855,-0.07142857142857142,0.0,0.5455251145309313,neutral
49,free,88,968,0.8863636363636364,0.9204545454545454,0.03409090909090909,0.0,0.8565950670976112,neutral
49,all,144,968,0.7361111111111112,0.7291666666666666,-0.006944444444444444,0.0,0.8584968151198378,neutral
50,rating,56,522,0.39285714285714285,0.39285714285714285,0.0,0.0,0.9124622483684217,neutral
50,free,88,522,0.3409090909090909,0.29545454545454547,-0.045454545454545456,0.0,0.5547173234660683,neutral
50,all,144,522,0.3611111111111111,0.3333333333333333,-0.027777777777777776,0.0,0.6929402171891815,neutral
51,rating,56,682,0.6785714285714286,0.30357142857142855,-0.375,0.0,0.034984111198667935,neutral
51,free,88,682,0.6363636363636364,0.6136363636363636,-0.022727272727272728,0.0,0.8576098156282825,neutral
51,all,144,682,0.6527777777777778,0.4930555555555556,-0.1597222222222222,0.0,0.2150451516685733,neutral
52,rating,56,497,0.42857142857142855,0.35714285714285715,-0.07142857142857142,0.0,0.6174946059181232,neutral
52,free,88,497,0.3181818181818182,0.3977272727272727,0.07954545454545454,0.0,0.6784405862026557,neutral
52,all,144,497,0.3611111111111111,0.3819444444444444,0.020833333333333332,0.0,0.9938618286510476,neutral
53,rating,56,4,0.0,0.0,0.0,0.0,1.0,neutral
53,free,88,4,0.0,0.0,0.0,0.0,1.0,neutral
53,all,144,4,0.0,0.0,0.0,0.0,1.0,neutral
54,rating,56,1167,0.6428571428571429,0.5357142857142857,-0.10714285714285714,0.0,0.38343654580420805,neutral
54,free,88,1167,1.2727272727272727,1.1022727272727273,-0.17045454545454544,0.0,0.3777412675579398,neutral
54,all,144,1167,1.0277777777777777,0.8819444444444444,-0.14583333333333334,0.0,0.22428737517326447,neutral
55,rating,56,21,0.0,0.07142857142857142,0.07142857142857142,0.0,0.045500263896358396,neutral
55,free,88,21,0.022727272727272728,0.0,-0.022727272727272728,0.0,0.31731050786291415,neutral
55,all,144,21,0.013888888888888888,0.027777777777777776,0.013888888888888888,0.0,0.4795001221869535,neutral
56,rating,56,112,0.03571428571428571,0.10714285714285714,0.07142857142857142,0.0,0.27948536825112646,neutral
56,free,88,112,0.06818181818181818,0.045454545454545456,-0.022727272727272728,0.0,0.48787790840365586,neutral
56,all,144,112,0.05555555555555555,0.06944444444444445,0.013888888888888888,0.0,0.9137389061347401,neutral
57,rating,56,7,0.0,0.017857142857142856,0.017857142857142856,0.0,0.31731050786291415,neutral
57,free,88,7,0.0,0.0,0.0,0.0,1.0,neutral
57,all,144,7,0.0,0.006944444444444444,0.006944444444444444,0.0,0.31731050786291415,neutral
58,rating,56,3,0.0,0.0,0.0,0.0,1.0,neutral
58,free,88,3,0.0,0.0,0.0,0.0,1.0,neutral
58,all,144,3,0.0,0.0,0.0,0.0,1.0,neutral
59,rating,56,7,0.0,0.0,0.0,0.0,1.0,neutral
59,free,88,7,0.0,0.0,0.0,0.0,1.0,neutral
59,all,144,7,0.0,0.0,0.0,0.0,1.0,neutral
60,rating,56,282,0.14285714285714285,0.125,-0.017857142857142856,0.0,0.8866897393567406,neutral
60,free,88,282,0.09090909090909091,0.22727272727272727,0.13636363636363635,0.0,0.017509346591254093,neutral
60,all,144,282,0.1111111111111111,0.1875,0.0763888888888889,0.0,0.10522484496612762,neutral
61,rating,56,16,0.0,0.017857142857142856,0.017857142857142856,0.0,0.31731050786291415,neutral
61,free,88,16,0.0,0.022727272727272728,0.022727272727272728,0.0,0.15729920705028505,neutral
61,all,144,16,0.0,0.020833333333333332,0.020833333333333332,0.0,0.08326451666355039,neutral
62,rating,56,2,0.0,0.0,0.0,0.0,1.0,neutral
62,free,88,2,0.0,0.0,0.0,0.0,1.0,neutral
62,all,144,2,0.0,0.0,0.0,0.0,1.0,neutral
63,rating,56,444,0.25,0.21428571428571427,-0.03571428571428571,0.0,0.5987250696528468,neutral
63,free,88,444,0.29545454545454547,0.3181818181818182,0.022727272727272728,0.0,0.9122188002603896,neutral
63,all,144,444,0.2777777777777778,0.2777777777777778,0.0,0.0,0.6920721842335629,neutral
64,rating,56,270,0.17857142857142858,0.125,-0.05357142857142857,0.0,0.4351560724455289,neutral
64,free,88,270,0.2727272727272727,0.3181818181818182,0.045454545454545456,0.0,0.8462035877840504,neutral
64,all,144,270,0.2361111111111111,0.24305555555555555,0.006944444444444444,0.0,0.811701589505296,neutral
