event_id,phase,trial_in_phase,onset_sample,onset_sec,trigger_value,fs,group_gap_sec,rating_c1,rating_c2,rating_c3,rating_c4,rating_c5,rating_c6,free_c1,free_c2,free_c3,free_c4,free_c5,free_c6,free_c7,free_c8,free_c9,free_c10,free_c11,free_c12
1,rating,1,21603,1.08015,65535,20000.0,0.31100000000000005,1.0,40.0,0.0,0.0,3.0,10.0,,,,,,,,,,,,
2,rating,2,274854,13.7427,65535,20000.0,0.31100000000000005,2.0,41.0,0.0,0.0,3.0,11.0,,,,,,,,,,,,
3,rating,3,536058,26.8029,65535,20000.0,0.31100000000000005,3.0,18.0,0.0,0.0,1.0,18.0,,,,,,,,,,,,
4,rating,4,740425,37.02125,65535,20000.0,0.31100000000000005,4.0,36.0,0.0,0.0,3.0,6.0,,,,,,,,,,,,
5,rating,5,952231,47.61155,65535,20000.0,0.31100000000000005,5.0,12.0,0.0,0.0,1.0,12.0,,,,,,,,,,,,
6,rating,6,1182172,59.1086,65535,20000.0,0.31100000000000005,6.0,56.0,4.0,0.0,4.0,14.0,,,,,,,,,,,,
7,rating,7,1362810,68.1405,65535,20000.0,0.31100000000000005,7.0,31.0,2.0,2.0,3.0,1.0,,,,,,,,,,,,
8,rating,8,1588055,79.40275,65535,20000.0,0.31100000000000005,8.0,26.0,1.0,1.0,2.0,2.0,,,,,,,,,,,,
9,rating,9,1798875,89.94375,65535,20000.0,0.31100000000000005,9.0,14.0,3.0,3.0,1.0,14.0,,,,,,,,,,,,
10,rating,10,1995828,99.7914,65535,20000.0,0.31100000000000005,10.0,32.0,1.0,1.0,3.0,2.0,,,,,,,,,,,,
11,rating,11,2178946,108.9473,65535,20000.0,0.31100000000000005,11.0,2.0,3.0,3.0,1.0,2.0,,,,,,,,,,,,
12,rating,12,2339085,116.95425,65535,20000.0,0.31100000000000005,12.0,6.0,2.0,2.0,1.0,6.0,,,,,,,,,,,,
13,rating,13,2522623,126.13115,65535,20000.0,0.31100000000000005,13.0,1.0,2.0,2.0,1.0,1.0,,,,,,,,,,,,
14,rating,14,2717508,135.8754,65535,20000.0,0.31100000000000005,14.0,42.0,1.0,1.0,3.0,12.0,,,,,,,,,,,,
15,rating,15,2898783,144.93915,65535,20000.0,0.31100000000000005,15.0,52.0,1.0,1.0,4.0,10.0,,,,,,,,,,,,
16,rating,16,3099662,154.9831,65535,20000.0,0.31100000000000005,16.0,15.0,3.0,3.0,1.0,15.0,,,,,,,,,,,,
17,rating,17,3287921,164.39605,65535,20000.0,0.31100000000000005,17.0,50.0,5.0,5.0,4.0,8.0,,,,,,,,,,,,
18,rating,18,3447946,172.3973,65535,20000.0,0.31100000000000005,18.0,37.0,3.0,3.0,3.0,7.0,,,,,,,,,,,,
19,rating,19,3649637,182.48185,65535,20000.0,0.31100000000000005,19.0,13.0,4.0,4.0,1.0,13.0,,,,,,,,,,,,
20,rating,20,3891522,194.5761,65535,20000.0,0.31100000000000005,20.0,16.0,4.0,4.0,1.0,16.0,,,,,,,,,,,,
21,rating,21,4106087,205.30435,65535,20000.0,0.31100000000000005,21.0,29.0,1.0,1.0,2.0,5.0,,,,,,,,,,,,
22,rating,22,4325554,216.2777,65535,20000.0,0.31100000000000005,22.0,48.0,3.0,3.0,4.0,6.0,,,,,,,,,,,,
23,rating,23,4516058,225.8029,65535,20000.0,0.31100000000000005,23.0,23.0,3.0,3.0,1.0,23.0,,,,,,,,,,,,
24,rating,24,4687075,234.35375,65535,20000.0,0.31100000000000005,24.0,9.0,4.0,4.0,1.0,9.0,,,,,,,,,,,,
25,rating,25,4863990,243.1995,65535,20000.0,0.31100000000000005,25.0,38.0,4.0,4.0,3.0,8.0,,,,,,,,,,,,
26,rating,26,5088488,254.4244,65535,20000.0,0.31100000000000005,26.0,53.0,3.0,3.0,4.0,11.0,,,,,,,,,,,,
27,rating,27,5264388,263.2194,65535,20000.0,0.31100000000000005,27.0,25.0,1.0,1.0,2.0,1.0,,,,,,,,,,,,
28,rating,28,5424573,271.22865,65535,20000.0,0.31100000000000005,28.0,28.0,1.0,1.0,2.0,4.0,,,,,,,,,,,,
29,rating,29,5613910,280.6955,65535,20000.0,0.31100000000000005,29.0,11.0,2.0,2.0,1.0,11.0,,,,,,,,,,,,
30,rating,30,5783387,289.16935,65535,20000.0,0.31100000000000005,30.0,30.0,1.0,1.0,2.0,6.0,,,,,,,,,,,,
31,rating,31,5945768,297.2884,65535,20000.0,0.31100000000000005,31.0,17.0,5.0,5.0,1.0,17.0,,,,,,,,,,,,
32,rating,32,6142357,307.11785,65535,20000.0,0.31100000000000005,32.0,46.0,4.0,4.0,4.0,4.0,,,,,,,,,,,,
33,rating,33,6336242,316.8121,65535,20000.0,0.31100000000000005,33.0,22.0,3.0,3.0,1.0,22.0,,,,,,,,,,,,
34,rating,34,6516391,325.81955,65535,20000.0,0.31100000000000005,34.0,51.0,2.0,2.0,4.0,9.0,,,,,,,,,,,,
35,rating,35,6709203,335.46015,65535,20000.0,0.31100000000000005,35.0,10.0,4.0,4.0,1.0,10.0,,,,,,,,,,,,
36,rating,36,6882224,344.1112,65535,20000.0,0.31100000000000005,36.0,47.0,4.0,4.0,4.0,5.0,,,,,,,,,,,,
37,rating,37,7091792,354.5896,65535,20000.0,0.31100000000000005,37.0,5.0,3.0,3.0,1.0,5.0,,,,,,,,,,,,
38,rating,38,7264185,363.20925,65535,20000.0,0.31100000000000005,38.0,35.0,3.0,3.0,3.0,5.0,,,,,,,,,,,,
39,rating,39,7447334,372.3667,65535,20000.0,0.31100000000000005,39.0,4.0,3.0,3.0,1.0,4.0,,,,,,,,,,,,
40,rating,40,7644155,382.20775,65535,20000.0,0.31100000000000005,40.0,54.0,3.0,3.0,4.0,12.0,,,,,,,,,,,,
41,rating,41,7805330,390.2665,65535,20000.0,0.31100000000000005,41.0,8.0,5.0,5.0,1.0,8.0,,,,,,,,,,,,
42,rating,42,7979722,398.9861,65535,20000.0,0.31100000000000005,42.0,45.0,4.0,4.0,4.0,3.0,,,,,,,,,,,,
43,rating,43,8155138,407.7569,65535,20000.0,0.31100000000000005,43.0,43.0,4.0,4.0,4.0,1.0,,,,,,,,,,,,
44,rating,44,8370744,418.5372,65535,20000.0,0.31100000000000005,44.0,21.0,3.0,3.0,1.0,21.0,,,,,,,,,,,,
45,rating,45,8550716,427.5358,65535,20000.0,0.31100000000000005,45.0,44.0,5.0,5.0,4.0,2.0,,,,,,,,,,,,
46,rating,46,8754721,437.73605,65535,20000.0,0.31100000000000005,46.0,3.0,2.0,2.0,1.0,3.0,,,,,,,,,,,,
47,rating,47,8923247,446.16235,65535,20000.0,0.31100000000000005,47.0,24.0,2.0,2.0,1.0,24.0,,,,,,,,,,,,
48,rating,48,9099667,454.98335,65535,20000.0,0.31100000000000005,48.0,27.0,2.0,2.0,2.0,3.0,,,,,,,,,,,,
49,rating,49,9270924,463.5462,65535,20000.0,0.31100000000000005,49.0,39.0,4.0,4.0,3.0,9.0,,,,,,,,,,,,
50,rating,50,9427800,471.39,65535,20000.0,0.31100000000000005,50.0,7.0,4.0,4.0,1.0,7.0,,,,,,,,,,,,
51,rating,51,9595675,479.78375,65535,20000.0,0.31100000000000005,51.0,49.0,2.0,2.0,4.0,7.0,,,,,,,,,,,,
52,rating,52,9777958,488.8979,65535,20000.0,0.31100000000000005,52.0,55.0,3.0,3.0,4.0,13.0,,,,,,,,,,,,
53,rating,53,10933063,546.65315,65535,20000.0,0.31100000000000005,53.0,19.0,2.0,2.0,1.0,19.0,,,,,,,,,,,,
54,rating,54,10987246,549.3623,65535,20000.0,0.31100000000000005,54.0,33.0,3.0,3.0,3.0,3.0,,,,,,,,,,,,
55,rating,55,11059021,552.95105,65535,20000.0,0.31100000000000005,55.0,20.0,2.0,2.0,1.0,20.0,,,,,,,,,,,,
56,rating,56,11083418,554.1709,65535,20000.0,0.31100000000000005,56.0,34.0,3.0,3.0,3.0,4.0,,,,,,,,,,,,
57,free,1,11198085,559.90425,65535,20000.0,0.31100000000000005,,,,,,,1.0,54.0,0.0,2.4726641,3.0,16.0,0.0,4.0,3.0,3.0,4.0,0.0
58,free,2,11509457,575.47285,65535,20000.0,0.31100000000000005,,,,,,,2.0,71.0,0.0,3.0706798,4.0,15.0,0.0,0.0,0.0,0.0,0.0,0.0
59,free,3,11516213,575.81065,65535,20000.0,0.31100000000000005,,,,,,,3.0,51.0,0.0,0.7049114,3.0,13.0,0.0,0.0,0.0,0.0,0.0,0.0
60,free,4,11537781,576.88905,65535,20000.0,0.31100000000000005,,,,,,,4.0,75.0,0.0,5.2058724,4.0,19.0,0.0,0.0,0.0,0.0,0.0,0.0
61,free,5,11766656,588.3328,65535,20000.0,0.31100000000000005,,,,,,,5.0,81.0,1.0,15.3035681,4.0,25.0,0.0,0.0,0.0,0.0,0.0,0.0
62,free,6,11976988,598.8494,65535,20000.0,0.31100000000000005,,,,,,,6.0,38.0,0.0,0.8381639,2.0,6.0,0.0,0.0,0.0,0.0,0.0,0.0
63,free,7,12045432,602.2716,65535,20000.0,0.31100000000000005,,,,,,,7.0,46.0,0.0,10.9386158,3.0,8.0,0.0,0.0,0.0,0.0,0.0,0.0
64,free,8,12095883,604.79415,65535,20000.0,0.31100000000000005,,,,,,,8.0,79.0,0.0,9.97218,4.0,23.0,0.0,0.0,0.0,0.0,0.0,0.0
65,free,9,12284990,614.2495,65535,20000.0,0.31100000000000005,,,,,,,9.0,28.0,0.0,2.9384884,1.0,28.0,0.0,0.0,0.0,0.0,0.0,0.0
66,free,10,12621231,631.06155,65535,20000.0,0.31100000000000005,,,,,,,10.0,34.0,0.0,1.9725772,2.0,2.0,0.0,0.0,0.0,0.0,0.0,0.0
67,free,11,12680277,634.01385,65535,20000.0,0.31100000000000005,,,,,,,11.0,26.0,0.0,8.9378275,1.0,26.0,0.0,0.0,0.0,0.0,0.0,0.0
68,free,12,12892456,644.6228,65535,20000.0,0.31100000000000005,,,,,,,12.0,21.0,1.0,16.5372579,1.0,21.0,0.0,0.0,0.0,0.0,0.0,0.0
69,free,13,12947883,647.39415,65535,20000.0,0.31100000000000005,,,,,,,13.0,45.0,0.0,2.4377631,3.0,7.0,0.0,0.0,0.0,0.0,0.0,0.0
70,free,14,13292170,664.6085,65535,20000.0,0.31100000000000005,,,,,,,14.0,27.0,0.0,10.1378388,1.0,27.0,0.0,0.0,0.0,0.0,0.0,0.0
71,free,15,13299017,664.95085,65535,20000.0,0.31100000000000005,,,,,,,15.0,29.0,0.0,2.2710956,1.0,29.0,0.0,0.0,0.0,0.0,0.0,0.0
72,free,16,13810433,690.52165,65535,20000.0,0.31100000000000005,,,,,,,16.0,24.0,1.0,16.9371207,1.0,24.0,0.0,0.0,0.0,0.0,0.0,0.0
73,free,17,14133888,706.6944,65535,20000.0,0.31100000000000005,,,,,,,17.0,64.0,1.0,25.569828,4.0,8.0,0.0,0.0,0.0,0.0,0.0,0.0
74,free,18,14146449,707.32245,65535,20000.0,0.31100000000000005,,,,,,,18.0,59.0,1.0,15.9037675,4.0,3.0,0.0,0.0,0.0,0.0,0.0,0.0
75,free,19,14263027,713.15135,65535,20000.0,0.31100000000000005,,,,,,,19.0,39.0,0.0,0.1388676,3.0,1.0,0.0,0.0,0.0,0.0,0.0,0.0
76,free,20,14426840,721.342,65535,20000.0,0.31100000000000005,,,,,,,20.0,76.0,0.0,5.3057043,4.0,20.0,0.0,0.0,0.0,0.0,0.0,0.0
77,free,21,14536040,726.802,65535,20000.0,0.31100000000000005,,,,,,,21.0,42.0,0.0,7.6710658,3.0,4.0,0.0,0.0,0.0,0.0,0.0,0.0
78,free,22,14661845,733.09225,65535,20000.0,0.31100000000000005,,,,,,,22.0,52.0,0.0,5.0051532,3.0,14.0,0.0,0.0,0.0,0.0,0.0,0.0
79,free,23,14741788,737.0894,65535,20000.0,0.31100000000000005,,,,,,,23.0,47.0,0.0,5.8053991,3.0,9.0,0.0,0.0,0.0,0.0,0.0,0.0
80,free,24,14902538,745.1269,65535,20000.0,0.31100000000000005,,,,,,,24.0,22.0,0.0,3.5046233,1.0,22.0,0.0,0.0,0.0,0.0,0.0,0.0
81,free,25,15321429,766.07145,65535,20000.0,0.31100000000000005,,,,,,,25.0,6.0,0.0,7.5052583,1.0,6.0,0.0,0.0,0.0,0.0,0.0,0.0
82,free,26,15572213,778.61065,65535,20000.0,0.31100000000000005,,,,,,,26.0,31.0,1.0,20.636689,1.0,31.0,0.0,0.0,0.0,0.0,0.0,0.0
83,free,27,15871991,793.59955,65535,20000.0,0.31100000000000005,,,,,,,27.0,48.0,1.0,12.2695473,3.0,10.0,0.0,0.0,0.0,0.0,0.0,0.0
84,free,28,15968251,798.41255,65535,20000.0,0.31100000000000005,,,,,,,28.0,88.0,0.0,12.2695473,4.0,32.0,0.0,0.0,0.0,0.0,0.0,0.0
85,free,29,16079399,803.96995,65535,20000.0,0.31100000000000005,,,,,,,29.0,77.0,1.0,14.2708518,4.0,21.0,0.0,0.0,0.0,0.0,0.0,0.0
86,free,30,16246364,812.3182,65535,20000.0,0.31100000000000005,,,,,,,30.0,15.0,0.0,4.3044999,1.0,15.0,0.0,0.0,0.0,0.0,0.0,0.0
87,free,31,16478304,823.9152,65535,20000.0,0.31100000000000005,,,,,,,31.0,69.0,0.0,5.0384192,4.0,13.0,0.0,0.0,0.0,0.0,0.0,0.0
88,free,32,16531403,826.57015,65535,20000.0,0.31100000000000005,,,,,,,32.0,12.0,1.0,8.1368002,1.0,12.0,0.0,0.0,0.0,0.0,0.0,0.0
89,free,33,16571932,828.5966,65535,20000.0,0.31100000000000005,,,,,,,33.0,68.0,1.0,11.3705742,4.0,12.0,0.0,0.0,0.0,0.0,0.0,0.0
90,free,34,16660387,833.01935,65535,20000.0,0.31100000000000005,,,,,,,34.0,40.0,0.0,2.2050022,3.0,2.0,0.0,0.0,0.0,0.0,0.0,0.0
91,free,35,16850422,842.5211,65535,20000.0,0.31100000000000005,,,,,,,35.0,49.0,0.0,1.5390192,3.0,11.0,0.0,0.0,0.0,0.0,0.0,0.0
92,free,36,16929118,846.4559,65535,20000.0,0.31100000000000005,,,,,,,36.0,33.0,0.0,3.9046484,2.0,1.0,0.0,0.0,0.0,0.0,0.0,0.0
93,free,37,16980203,849.01015,65535,20000.0,0.31100000000000005,,,,,,,37.0,30.0,0.0,9.039095,1.0,30.0,0.0,0.0,0.0,0.0,0.0,0.0
94,free,38,17038242,851.9121,65535,20000.0,0.31100000000000005,,,,,,,38.0,4.0,0.0,3.4720013,1.0,4.0,0.0,0.0,0.0,0.0,0.0,0.0
95,free,39,17129791,856.48955,65535,20000.0,0.31100000000000005,,,,,,,39.0,37.0,0.0,2.0379145,2.0,5.0,0.0,0.0,0.0,0.0,0.0,0.0
96,free,40,17276843,863.84215,65535,20000.0,0.31100000000000005,,,,,,,40.0,5.0,0.0,2.4379173,1.0,5.0,0.0,0.0,0.0,0.0,0.0,0.0
97,free,41,17315272,865.7636,65535,20000.0,0.31100000000000005,,,,,,,41.0,60.0,0.0,4.1388302,4.0,4.0,0.0,0.0,0.0,0.0,0.0,0.0
98,free,42,17377367,868.86835,65535,20000.0,0.31100000000000005,,,,,,,42.0,23.0,0.0,6.8714644,1.0,23.0,0.0,0.0,0.0,0.0,0.0,0.0
99,free,43,17454452,872.7226,65535,20000.0,0.31100000000000005,,,,,,,43.0,3.0,0.0,1.4383729,1.0,3.0,0.0,0.0,0.0,0.0,0.0,0.0
100,free,44,17791201,889.56005,65535,20000.0,0.31100000000000005,,,,,,,44.0,57.0,0.0,2.604532,4.0,1.0,0.0,0.0,0.0,0.0,0.0,0.0
101,free,45,17827386,891.3693,65535,20000.0,0.31100000000000005,,,,,,,45.0,65.0,0.0,3.3388542,4.0,9.0,0.0,0.0,0.0,0.0,0.0,0.0
102,free,46,17910454,895.5227,65535,20000.0,0.31100000000000005,,,,,,,46.0,83.0,1.0,16.5699063,4.0,27.0,0.0,0.0,0.0,0.0,0.0,0.0
103,free,47,17959767,897.98835,65535,20000.0,0.31100000000000005,,,,,,,47.0,50.0,0.0,1.2719226,3.0,12.0,0.0,0.0,0.0,0.0,0.0,0.0
104,free,48,18354106,917.7053,65535,20000.0,0.31100000000000005,,,,,,,48.0,7.0,0.0,3.7378428,1.0,7.0,0.0,0.0,0.0,0.0,0.0,0.0
105,free,49,18609726,930.4863,65535,20000.0,0.31100000000000005,,,,,,,49.0,8.0,0.0,2.0053759,1.0,8.0,0.0,0.0,0.0,0.0,0.0,0.0
106,free,50,18974870,948.7435,65535,20000.0,0.31100000000000005,,,,,,,50.0,63.0,1.0,19.4364461,4.0,7.0,0.0,0.0,0.0,0.0,0.0,0.0
107,free,51,19066225,953.31125,65535,20000.0,0.31100000000000005,,,,,,,51.0,14.0,1.0,12.5368966,1.0,14.0,0.0,0.0,0.0,0.0,0.0,0.0
108,free,52,19266879,963.34395,65535,20000.0,0.31100000000000005,,,,,,,52.0,62.0,1.0,17.9710985,4.0,6.0,0.0,0.0,0.0,0.0,0.0,0.0
109,free,53,19504111,975.20555,65535,20000.0,0.31100000000000005,,,,,,,53.0,18.0,0.0,4.0722877,1.0,18.0,0.0,0.0,0.0,0.0,0.0,0.0
110,free,54,19593263,979.66315,65535,20000.0,0.31100000000000005,,,,,,,54.0,58.0,1.0,9.8035059,4.0,2.0,0.0,0.0,0.0,0.0,0.0,0.0
111,free,55,19761971,988.09855,65535,20000.0,0.31100000000000005,,,,,,,55.0,20.0,0.0,11.3709978,1.0,20.0,0.0,0.0,0.0,0.0,0.0,0.0
112,free,56,19848609,992.43045,65535,20000.0,0.31100000000000005,,,,,,,56.0,41.0,0.0,3.9383399,3.0,3.0,0.0,0.0,0.0,0.0,0.0,0.0
113,free,57,19883631,994.18155,65535,20000.0,0.31100000000000005,,,,,,,57.0,43.0,0.0,7.9715668,3.0,5.0,0.0,0.0,0.0,0.0,0.0,0.0
114,free,58,20171734,1008.5867,65535,20000.0,0.31100000000000005,,,,,,,58.0,19.0,0.0,3.8052668,1.0,19.0,0.0,0.0,0.0,0.0,0.0,0.0
115,free,59,20442886,1022.1443,65535,20000.0,0.31100000000000005,,,,,,,59.0,66.0,0.0,1.2391716,4.0,10.0,0.0,0.0,0.0,0.0,0.0,0.0
116,free,60,20746201,1037.31005,65535,20000.0,0.31100000000000005,,,,,,,60.0,11.0,0.0,13.904261,1.0,11.0,0.0,0.0,0.0,0.0,0.0,0.0
117,free,61,21124784,1056.2392,65535,20000.0,0.31100000000000005,,,,,,,61.0,82.0,1.0,13.3028514,4.0,26.0,0.0,0.0,0.0,0.0,0.0,0.0
118,free,62,21180977,1059.04885,65535,20000.0,0.31100000000000005,,,,,,,62.0,67.0,1.0,14.9043067,4.0,11.0,0.0,0.0,0.0,0.0,0.0,0.0
119,free,63,21232293,1061.61465,65535,20000.0,0.31100000000000005,,,,,,,63.0,78.0,1.0,18.6361442,4.0,22.0,0.0,0.0,0.0,0.0,0.0,0.0
120,free,64,21511350,1075.5675,65535,20000.0,0.31100000000000005,,,,,,,64.0,44.0,0.0,2.3386604,3.0,6.0,0.0,0.0,0.0,0.0,0.0,0.0
121,free,65,21591363,1079.56815,65535,20000.0,0.31100000000000005,,,,,,,65.0,85.0,0.0,2.0714665,4.0,29.0,0.0,0.0,0.0,0.0,0.0,0.0
122,free,66,21651046,1082.5523,65535,20000.0,0.31100000000000005,,,,,,,66.0,80.0,1.0,13.7032845,4.0,24.0,0.0,0.0,0.0,0.0,0.0,0.0
123,free,67,21802684,1090.1342,65535,20000.0,0.31100000000000005,,,,,,,67.0,56.0,0.0,3.5392401,3.0,18.0,0.0,0.0,0.0,0.0,0.0,0.0
124,free,68,21919425,1095.97125,65535,20000.0,0.31100000000000005,,,,,,,68.0,2.0,0.0,2.5045024,1.0,2.0,0.0,0.0,0.0,0.0,0.0,0.0
125,free,69,22239399,1111.96995,65535,20000.0,0.31100000000000005,,,,,,,69.0,84.0,0.0,7.071635,4.0,28.0,0.0,0.0,0.0,0.0,0.0,0.0
126,free,70,22366149,1118.30745,65535,20000.0,0.31100000000000005,,,,,,,70.0,10.0,0.0,5.33778,1.0,10.0,0.0,0.0,0.0,0.0,0.0,0.0
127,free,71,22678820,1133.941,65535,20000.0,0.31100000000000005,,,,,,,71.0,74.0,1.0,15.7364868,4.0,18.0,0.0,0.0,0.0,0.0,0.0,0.0
128,free,72,22894914,1144.7457,65535,20000.0,0.31100000000000005,,,,,,,72.0,53.0,0.0,5.8712896,3.0,15.0,0.0,0.0,0.0,0.0,0.0,0.0
129,free,73,23086440,1154.322,65535,20000.0,0.31100000000000005,,,,,,,73.0,13.0,1.0,15.369805,1.0,13.0,0.0,0.0,0.0,0.0,0.0,0.0
130,free,74,23456140,1172.807,65535,20000.0,0.31100000000000005,,,,,,,74.0,9.0,1.0,10.5704835,1.0,9.0,0.0,0.0,0.0,0.0,0.0,0.0
131,free,75,23744666,1187.2333,65535,20000.0,0.31100000000000005,,,,,,,75.0,25.0,0.0,9.0725165,1.0,25.0,0.0,0.0,0.0,0.0,0.0,0.0
132,free,76,23894425,1194.72125,65535,20000.0,0.31100000000000005,,,,,,,76.0,72.0,1.0,18.2032927,4.0,16.0,0.0,0.0,0.0,0.0,0.0,0.0
133,free,77,24128004,1206.4002,65535,20000.0,0.31100000000000005,,,,,,,77.0,17.0,1.0,14.1698019,1.0,17.0,0.0,0.0,0.0,0.0,0.0,0.0
134,free,78,24166677,1208.33385,65535,20000.0,0.31100000000000005,,,,,,,78.0,87.0,1.0,7.2703064,4.0,31.0,0.0,0.0,0.0,0.0,0.0,0.0
135,free,79,24509593,1225.47965,65535,20000.0,0.31100000000000005,,,,,,,79.0,86.0,1.0,11.4384686,4.0,30.0,0.0,0.0,0.0,0.0,0.0,0.0
136,free,80,24515997,1225.79985,65535,20000.0,0.31100000000000005,,,,,,,80.0,35.0,0.0,1.4394161,2.0,3.0,0.0,0.0,0.0,0.0,0.0,0.0
137,free,81,24661552,1233.0776,65535,20000.0,0.31100000000000005,,,,,,,81.0,73.0,1.0,16.8721652,4.0,17.0,0.0,0.0,0.0,0.0,0.0,0.0
138,free,82,24732891,1236.64455,65535,20000.0,0.31100000000000005,,,,,,,82.0,32.0,0.0,7.0391141,1.0,32.0,0.0,0.0,0.0,0.0,0.0,0.0
139,free,83,24739383,1236.96915,65535,20000.0,0.31100000000000005,,,,,,,83.0,55.0,0.0,3.0713522,3.0,17.0,0.0,0.0,0.0,0.0,0.0,0.0
140,free,84,24788881,1239.44405,65535,20000.0,0.31100000000000005,,,,,,,84.0,1.0,0.0,2.239004,1.0,1.0,0.0,0.0,0.0,0.0,0.0,0.0
141,free,85,24975966,1248.7983,65535,20000.0,0.31100000000000005,,,,,,,85.0,16.0,0.0,8.8705436,1.0,16.0,0.0,0.0,0.0,0.0,0.0,0.0
142,free,86,25287339,1264.36695,65535,20000.0,0.31100000000000005,,,,,,,86.0,61.0,1.0,15.303409,4.0,5.0,0.0,0.0,0.0,0.0,0.0,0.0
143,free,87,25327534,1266.3767,65535,20000.0,0.31100000000000005,,,,,,,87.0,36.0,0.0,1.5048109,2.0,4.0,0.0,0.0,0.0,0.0,0.0,0.0
144,free,88,25566052,1278.3026,65535,20000.0,0.31100000000000005,,,,,,,88.0,70.0,1.0,11.6700249,4.0,14.0,0.0,0.0,0.0,0.0,0.0,0.0
