region,time_s,ifr_like_hz,ifr_dislike_hz,ifr_like_minus_dislike_hz
overall,-0.495,0.5506632119370796,0.5997658614454873,-0.0491026495084077
overall,-0.485,0.6642163893312709,0.6756657381297821,-0.011449348798511227
overall,-0.475,0.7767354933169676,0.7401164412628188,0.036619052054148726
overall,-0.46499999999999997,0.8812533161802563,0.7895006235139321,0.09175269266632413
overall,-0.45499999999999996,0.9710661651730177,0.8215668793370258,0.14949928583599192
overall,-0.44499999999999995,1.040628064380145,0.8354897408986869,0.20513832348145822
overall,-0.43499999999999994,1.086254268090355,0.8320854370162925,0.25416883107406263
overall,-0.42499999999999993,1.1068103731169598,0.8131203911602892,0.2936899819566706
overall,-0.4149999999999999,1.1035918259484814,0.7814226531667766,0.32216917278170476
overall,-0.4049999999999999,1.0801462230501666,0.7402629409243802,0.33988328212578645
overall,-0.3949999999999999,1.0415437240206191,0.6932297707118014,0.34831395330881776
overall,-0.3849999999999999,0.9934084658695631,0.6437080747124789,0.3497003911570842
overall,-0.3749999999999999,0.9412089483882302,0.5951423140827872,0.34606663430544304
overall,-0.3649999999999999,0.8895315957507409,0.5507698859732412,0.33876170977749975
overall,-0.35499999999999987,0.841575298084293,0.5137929193645937,0.3277823787196993
overall,-0.34499999999999986,0.7992015162665841,0.4870109540566394,0.3121905622099447
overall,-0.33499999999999985,0.7630097338061704,0.47306256744525665,0.2899471663609138
overall,-0.32499999999999984,0.7327211896348202,0.47396861397356155,0.2587525756612587
overall,-0.31499999999999984,0.7074801410083926,0.4911194718159037,0.21636066919248892
overall,-0.3049999999999998,0.6862663695379284,0.5250813502778879,0.16118501926004047
overall,-0.2949999999999998,0.6680851391095405,0.5752707521224695,0.09281438698707101
overall,-0.2849999999999998,0.6521797181394143,0.6400673404391586,0.01211237770025575
overall,-0.2749999999999998,0.6380800445163193,0.7167930455226554,-0.07871300100633616
overall,-0.2649999999999998,0.6253383554844028,0.8020561159581393,-0.17671776047373655
overall,-0.2549999999999998,0.6138753269063778,0.89144908572253,-0.2775737588161522
overall,-0.24499999999999977,0.6036711594825628,0.980502568214653,-0.3768314087320902
overall,-0.23499999999999976,0.5948661961215999,1.064668674570077,-0.4698024784484772
overall,-0.22499999999999976,0.5879024205265807,1.1397762772656526,-0.5518738567390719
overall,-0.21499999999999975,0.583386748860187,1.2023179514482638,-0.6189312025880768
overall,-0.20499999999999974,0.5820977786700335,1.25000312722245,-0.6679053485524166
overall,-0.19499999999999973,0.5849707781938911,1.2816958160733656,-0.6967250378794745
overall,-0.18499999999999972,0.592770976838645,1.29790188740283,-0.7051309105641851
overall,-0.1749999999999997,0.6060317678423193,1.3003719875049562,-0.6943402196626369
overall,-0.1649999999999997,0.6247832788093843,1.292345171393589,-0.6675618925842046
overall,-0.1549999999999997,0.6483080084572642,1.277818675879318,-0.6295106674220537
overall,-0.14499999999999968,0.6753040537952801,1.2613419889494006,-0.5860379351541205
overall,-0.13499999999999968,0.7037633383156773,1.2475002665786112,-0.543736928262934
overall,-0.12499999999999967,0.7315670408534767,1.239975577850273,-0.5084085369967963
overall,-0.11499999999999966,0.756515400417504,1.2415012569278971,-0.48498585651039317
overall,-0.10499999999999965,0.7768630232425648,1.253155906697568,-0.4762928834550031
overall,-0.09499999999999964,0.7917297310266456,1.2743495892648167,-0.4826198582381711
overall,-0.08499999999999963,0.801193431018281,1.3027323846745524,-0.5015389536562714
overall,-0.07499999999999962,0.8061583053512892,1.3345791691796445,-0.5284208638283553
overall,-0.06499999999999961,0.8083761825904612,1.3650301585495832,-0.556653975959122
overall,-0.054999999999999605,0.8100671516948719,1.3888978995240742,-0.5788307478292023
overall,-0.044999999999999596,0.8133654780712551,1.4015209703633942,-0.588155492292139
overall,-0.03499999999999959,0.819990234434304,1.399291605424992,-0.579301370990688
overall,-0.024999999999999578,0.8310088465910611,1.3803524181603772,-0.5493435715693161
overall,-0.01499999999999957,0.8462398125620053,1.3450898934412288,-0.49885008087922345
overall,-0.00499999999999956,0.8645727420876526,1.2956051672050686,-0.431032425117416
overall,0.0050000000000004485,0.883879088872695,1.2356855656123422,-0.35180647673964727
overall,0.015000000000000457,0.9013966812248826,1.1698300672396333,-0.26843338601475075
overall,0.025000000000000466,0.91409109267852,1.1029165762647801,-0.18882548358626017
overall,0.035000000000000475,0.9191472118782522,1.0389506689766403,-0.11980345709838813
overall,0.045000000000000484,0.914473931642857,0.981162607163735,-0.0666886755208781
overall,0.05500000000000049,0.8991658411080847,0.9313115416906301,-0.0321457005825454
overall,0.0650000000000005,0.8736324852961083,0.8902984162479813,-0.016665930951873076
overall,0.07500000000000051,0.8396162968356918,0.8578365875870408,-0.01822029075134901
overall,0.08500000000000052,0.8001010158707577,0.8331058512910123,-0.033004835420254675
overall,0.09500000000000053,0.7587331162606139,0.814688269890045,-0.05595515362943104
overall,0.10500000000000054,0.7193143678991489,0.8009437616364917,-0.08162939373734279
overall,0.11500000000000055,0.6851765077946547,0.7902756209831477,-0.10509911318849308
overall,0.12500000000000056,0.6584938139685091,0.7812600594102446,-0.12276624544173542
overall,0.13500000000000056,0.6399994249532336,0.7727693733813776,-0.13276994842814405
overall,0.14500000000000057,0.6291122934921741,0.764357404812037,-0.13524511131986283
overall,0.15500000000000058,0.623824354909284,0.7562996122949271,-0.13247525738564314
overall,0.1650000000000006,0.6214983370660099,0.7492953076107343,-0.1277969705447244
overall,0.1750000000000006,0.6194119204977807,0.7444808702974282,-0.12506894979964744
overall,0.1850000000000006,0.6154020474484867,0.743096499833791,-0.1276944523853043
overall,0.19500000000000062,0.6083456075605467,0.7460682302012651,-0.13772262264071844
overall,0.20500000000000063,0.5984126571997272,0.7538397441953874,-0.1554270869956601
overall,0.21500000000000064,0.5867257478810505,0.7661842162917853,-0.17945846841073487
overall,0.22500000000000064,0.5750585597676342,0.7823308691186265,-0.20727230935099228
overall,0.23500000000000065,0.5652547466900147,0.8012986645579272,-0.23604391786791246
overall,0.24500000000000066,0.5587346805171844,0.8218621054668116,-0.26312742494962715
overall,0.25500000000000067,0.5560352268016012,0.84299254742257,-0.2869573206209688
overall,0.2650000000000007,0.5567108295167538,0.8636390401860219,-0.3069282106692681
overall,0.2750000000000007,0.5594626939872617,0.8829652996867801,-0.3235026056995184
overall,0.2850000000000007,0.5624429587236243,0.9003457958006339,-0.33790283707700963
overall,0.2950000000000007,0.5635677267875578,0.9150986664522718,-0.35153093966471394
overall,0.3050000000000007,0.5611511843719629,0.9265489132525951,-0.36539772888063227
overall,0.3150000000000007,0.5539378676129222,0.9341153646178368,-0.38017749700491466
overall,0.32500000000000073,0.5414387715499992,0.9373099401563568,-0.3958711686063576
overall,0.33500000000000074,0.5239452093717767,0.9358464964465355,-0.4119012870747588
overall,0.34500000000000075,0.502420862709778,0.9295388459698687,-0.42711798326009065
overall,0.35500000000000076,0.47833748333072434,0.9184640734387751,-0.4401265901080508
overall,0.36500000000000077,0.45357872126890975,0.9027574128207716,-0.44917869155186185
overall,0.3750000000000008,0.43031159809623526,0.8829727880916034,-0.45266118999536814
overall,0.3850000000000008,0.41082910141586293,0.8597584178909087,-0.44892931647504575
overall,0.3950000000000008,0.39774450475644685,0.8341003531926112,-0.4363558484361644
overall,0.4050000000000008,0.3935151289623972,0.8073737557599525,-0.4138586267975553
overall,0.4150000000000008,0.4004303995364565,0.7812898789104301,-0.38085947937397363
overall,0.4250000000000008,0.4203450062273622,0.7579970661842309,-0.3376520599568687
overall,0.43500000000000083,0.4543659976593589,0.7397533259146701,-0.2853873282553112
overall,0.44500000000000084,0.5025327478667294,0.7286318999628524,-0.22609915209612297
overall,0.45500000000000085,0.5636090317828687,0.7262610391655177,-0.16265200738264896
overall,0.46500000000000086,0.6351758190505595,0.733713638520765,-0.09853781947020546
overall,0.47500000000000087,0.7137030923812188,0.7507894360648025,-0.03708634368358377
overall,0.4850000000000009,0.7951632960810712,0.776371253531113,0.018792042549958143
overall,0.4950000000000009,0.8754333424928459,0.8084225471796718,0.06701079531317411
overall,0.5050000000000009,0.9508604404116832,0.844285462127819,0.1065749782838642
overall,0.5150000000000009,1.0186585779880952,0.8810035695112834,0.13765500847681178
overall,0.5250000000000009,1.077200528628568,0.9158375566513695,0.1613629719771985
overall,0.5350000000000009,1.1259620819990204,0.9464246489173006,0.17953743308171977
overall,0.5450000000000009,1.1655216158941022,0.9714182687153986,0.1941033471787036
overall,0.5550000000000009,1.1969509679704802,0.9900339758955705,0.20691699207490966
overall,0.565000000000001,1.2217748925820893,1.002539817960243,0.21923507462184633
overall,0.575000000000001,1.2414628002759935,1.009491615868611,0.23197118440738262
overall,0.585000000000001,1.2572022468891255,1.011861392569689,0.24534085431943642
overall,0.595000000000001,1.2696367798674857,1.0103896434619597,0.259247136405526
overall,0.605000000000001,1.2788872472479098,1.0056533913851198,0.27323385586279003
overall,0.615000000000001,1.284452657595842,0.9979791987448896,0.2864734588509523
overall,0.625000000000001,1.2856372063233148,0.9874074150371088,0.29822979128620597
overall,0.635000000000001,1.2816536895549648,0.9740492967557685,0.3076043927991964
overall,0.645000000000001,1.2719757281044983,0.958453465986727,0.31352226211777134
overall,0.655000000000001,1.2567278733076797,0.9417042309989003,0.31502364230877933
overall,0.665000000000001,1.2367361869519666,0.9255795244843881,0.31115666246757856
overall,0.675000000000001,1.2135053177184543,0.912536729942316,0.3009685877761382
overall,0.685000000000001,1.1888301983826866,0.9053922756171222,0.28343792276556434
overall,0.6950000000000011,1.164318111415305,0.9065888503418843,0.25772926107342065
overall,0.7050000000000011,1.1411243127543413,0.9181667780503022,0.22295753470403912
overall,0.7150000000000011,1.1192066224820436,0.9412229055165262,0.1779837169655174
overall,0.7250000000000011,1.09759631711948,0.9757765046336084,0.12181981248587159
overall,0.7350000000000011,1.0743859483252618,1.0208384743617416,0.05354747396352022
overall,0.7450000000000011,1.0474088800356163,1.0747734562098696,-0.027364576174253363
overall,0.7550000000000011,1.0146722067479201,1.1357679824030666,-0.12109577565514651
overall,0.7650000000000011,0.9752677462736628,1.2018954175983354,-0.22662767132467265
overall,0.7750000000000011,0.929569067572199,1.2712133486198696,-0.34164428104767053
overall,0.7850000000000011,0.8793391869704954,1.3418068730731356,-0.4624676861026402
overall,0.7950000000000012,0.8276017647631877,1.411546007987642,-0.5839442432244544
overall,0.8050000000000012,0.7780710488790421,1.4780608421078878,-0.6999897932288457
overall,0.8150000000000012,0.734640074982496,1.5386044611966567,-0.8039643862141608
overall,0.8250000000000012,0.7008856879975119,1.5902430392227715,-0.8893573512252596
overall,0.8350000000000012,0.6796696281863036,1.6300634909581826,-0.950393862771879
overall,0.8450000000000012,0.6728563215435784,1.655774567940827,-0.9829182463972485
overall,0.8550000000000012,0.6811485241288902,1.6661608457054355,-0.9850123215765454
overall,0.8650000000000012,0.7043094590299801,1.6610439010591178,-0.9567344420291377
overall,0.8750000000000012,0.7408336229879197,1.6416425579784957,-0.900808934990576
overall,0.8850000000000012,0.7883729594958517,1.6104694114374938,-0.822096451941642
overall,0.8950000000000012,0.8432193433994805,1.5707288426185118,-0.7275094992190313
overall,0.9050000000000012,0.9010138401255642,1.5260042461707692,-0.6249904060452051
overall,0.9150000000000013,0.9569631788855083,1.4799537208638147,-0.5229905419783064
overall,0.9250000000000013,1.0061147248762243,1.43577968929686,-0.4296649644206356
overall,0.9350000000000013,1.0443514235200182,1.3959030420911438,-0.3515516185711256
overall,0.9450000000000013,1.0689799548029209,1.3619894249812567,-0.2930094701783359
overall,0.9550000000000013,1.0793199143215668,1.3347226379799708,-0.255402723658404
overall,0.9650000000000013,1.0771806432706312,1.314133435064875,-0.23695279179424378
overall,0.9750000000000013,1.066403537071428,1.299232937004028,-0.2328293999326001
overall,0.9850000000000013,1.0526538598267887,1.2887338554998555,-0.2360799956730668
overall,0.9950000000000013,1.0424657493762042,1.2807824405368555,-0.23831669116065135
overall,1.0050000000000012,1.0421704520786887,1.2735598905624514,-0.2313894384837627
overall,1.0150000000000015,1.0569387393866336,1.265328555859129,-0.20838981647249533
overall,1.0250000000000012,1.0900095654587065,1.2547421686143223,-0.16473260315561578
overall,1.0350000000000015,1.141840644216081,1.2412686880311505,-0.09942804381506964
overall,1.0450000000000013,1.2101122987404995,1.2245811742944246,-0.014468875553925065
overall,1.0550000000000015,1.2897908423294389,1.2048512838025907,0.0849395585268482
overall,1.0650000000000013,1.3734864092825638,1.1824012246376319,0.19108518464493196
overall,1.0750000000000015,1.452256414917992,1.1572156538918166,0.2950407610261754
overall,1.0850000000000013,1.516598804735516,1.128733538643247,0.3878652660922688
overall,1.0950000000000015,1.557772664401029,1.0958213663795282,0.4619512980215008
overall,1.1050000000000013,1.5688772376102262,1.0572213196933833,0.511655917916843
overall,1.1150000000000015,1.5458818747117113,1.0115217447714913,0.5343601299402201
overall,1.1250000000000013,1.4883790693017298,0.9581950101465374,0.5301840591551924
overall,1.1350000000000016,1.3997191651917553,0.8976618874047013,0.502057277787054
overall,1.1450000000000014,1.2865251054205584,0.8317766817380572,0.45474842368250123
overall,1.1550000000000016,1.1578249112512429,0.7634866918361983,0.39433821941504454
overall,1.1650000000000014,1.0236627625742378,0.6964137163807758,0.32724904619346207
overall,1.1750000000000016,0.8937496294946472,0.6342606666468362,0.259488962847811
overall,1.1850000000000014,0.7761767463455891,0.5803778390325287,0.19579890731306038
overall,1.1950000000000016,0.676575649797086,0.5368392322060774,0.13973641759100852
overall,1.2050000000000014,0.5977912316241534,0.5045814520448698,0.09320977957928356
overall,1.2150000000000016,0.5398975295451127,0.48314094814421604,0.05675658140089668
overall,1.2250000000000014,0.5009609906940575,0.4712659821662044,0.029695008527853117
overall,1.2350000000000017,0.47761370665042374,0.46704081938813385,0.010572887262289887
overall,1.2450000000000014,0.4660479392699428,0.46874113641104703,-0.00269319714110422
overall,1.2550000000000017,0.4628511862866718,0.47467763002530833,-0.011826443738636505
overall,1.2650000000000015,0.4653523081322342,0.48390162620391897,-0.01854931807168475
overall,1.2750000000000017,0.47198342300191287,0.4959474460212368,-0.023964023019323932
overall,1.2850000000000015,0.4821422641320858,0.5109221965454068,-0.028779932413321052
overall,1.2950000000000017,0.49584873127993817,0.5293424456236284,-0.03349371434369025
overall,1.3050000000000015,0.5133121259140577,0.551792041943582,-0.038479916029524275
overall,1.3150000000000017,0.5342721158476194,0.5790871695274141,-0.04481505367979477
overall,1.3250000000000015,0.5578997410157498,0.6117604057371028,-0.05386066472135298
overall,1.3350000000000017,0.5827009732299445,0.6501858741270538,-0.06748490089710923
overall,1.3450000000000015,0.6065547755117546,0.6944381179196887,-0.08788334240793405
overall,1.3550000000000018,0.627316925526012,0.7441227907043535,-0.11680586517834146
overall,1.3650000000000015,0.6429447048389684,0.798563917959132,-0.15561921312016358
overall,1.3750000000000018,0.6524753815309454,0.856696744536382,-0.20422136300543658
overall,1.3850000000000016,0.6561341452223648,0.9174095322695918,-0.26127538704722697
overall,1.3950000000000018,0.6551536991208379,0.9792895927570401,-0.3241358936362022
overall,1.4050000000000016,0.651797065932426,1.0409945654405417,-0.38919749950811566
overall,1.4150000000000018,0.6488134133347413,1.1011752412187805,-0.4523618278840392
overall,1.4250000000000016,0.6488270806637888,1.1584937352433635,-0.5096666545795747
overall,1.4350000000000018,0.6538503461059827,1.2116170964523598,-0.5577667503463771
overall,1.4450000000000016,0.6651069958736531,1.258983616919979,-0.593876621046326
overall,1.4550000000000018,0.6827230843806867,1.2990476663823363,-0.6163245820016495
overall,1.4650000000000016,0.7059835569175184,1.3298724621612346,-0.6238889052437162
overall,1.4750000000000019,0.7335222269193519,1.3494484978864647,-0.6159262709671128
overall,1.4850000000000017,0.7636593012746545,1.3558166638352813,-0.5921573625606268
overall,1.4950000000000019,0.7945804531929499,1.3472463381528959,-0.552665884959946
overall,1.5050000000000017,0.8242827157585516,1.3225926518721365,-0.4983099361135849
overall,1.515000000000002,0.8509380634248168,1.2815960984626757,-0.43065803503785893
overall,1.5250000000000017,0.8724076778314932,1.2251052466273615,-0.35269756879586833
overall,1.535000000000002,0.8867697159962136,1.155050568051755,-0.26828085205554153
overall,1.5450000000000017,0.8922175097227648,1.0744544770905464,-0.1822369673677816
overall,1.555000000000002,0.8875470867611819,0.9872863668022032,-0.09973928004102128
overall,1.5650000000000017,0.8720522225688289,0.8978414356972546,-0.025789213128425748
overall,1.575000000000002,0.8462807752010332,0.8106441207235584,0.03563665447747477
overall,1.5850000000000017,0.8118291841249021,0.7300668730589558,0.08176231106594634
overall,1.595000000000002,0.7714063704223538,0.6598954476629926,0.11151092275936125
overall,1.6050000000000018,0.7287049824670144,0.6032060219554812,0.1254989605115332
overall,1.615000000000002,0.6877877814667368,0.5620269181554456,0.12576086331129122
overall,1.6250000000000018,0.6529479533205279,0.5375387672345782,0.11540918608594974
overall,1.635000000000002,0.6279079387625239,0.5298009766587052,0.09810696210381875
overall,1.6450000000000018,0.6154346720869838,0.5381556336140989,0.07727903847288486
overall,1.655000000000002,0.6168951592446935,0.5610480794880234,0.05584707975667014
overall,1.6650000000000018,0.6318786782064982,0.5965802832304898,0.035298394976008396
overall,1.675000000000002,0.6583116707354435,0.6421919697444015,0.016119700991041985
overall,1.6850000000000018,0.6924795719618351,0.6953615369501551,-0.0028819649883200515
overall,1.695000000000002,0.7299923612646448,0.7532656711523948,-0.023273309887750004
overall,1.7050000000000018,0.765713568245463,0.8128012690779496,-0.04708770083248659
overall,1.715000000000002,0.795421059440581,0.8709839293895367,-0.07556286994895578
overall,1.7250000000000019,0.8158425167840762,0.924454884724019,-0.10861236793994289
overall,1.735000000000002,0.8253113318635635,0.970140584702284,-0.1448292528387205
overall,1.7450000000000019,0.824023735221751,1.005652434555019,-0.18162869933326808
overall,1.7550000000000021,0.8138535371620008,1.0296048440977217,-0.21575130693572087
overall,1.765000000000002,0.7980875164748926,1.0423313786498274,-0.24424386217493477
overall,1.7750000000000021,0.7811357256012018,1.046037440270413,-0.2649017146692111
overall,1.785000000000002,0.7673871880062125,1.0450361593966229,-0.27764897139041034
overall,1.7950000000000021,0.7611777466800853,1.0448287949060715,-0.2836510482259862
overall,1.805000000000002,0.7659452984759274,1.0517156811760189,-0.2857703827000915
overall,1.8150000000000022,0.7835336355022847,1.0712705043747446,-0.28773686887245986
overall,1.825000000000002,0.8138478372734621,1.1072869494028157,-0.2934391121293536
overall,1.8350000000000022,0.8546741650684855,1.1607508340280404,-0.3060766689595549
overall,1.845000000000002,0.9017442320949649,1.229292136249055,-0.3275479041540901
overall,1.8550000000000022,0.9492094577761876,1.3073396131981738,-0.35813015542198623
overall,1.865000000000002,0.9905538482482669,1.386659891595744,-0.3961060433474771
overall,1.8750000000000022,1.0195781450907115,1.4576683477444465,-0.438090202653735
overall,1.885000000000002,1.031405882688719,1.5108582092329519,-0.479452326544233
overall,1.8950000000000022,1.0232431970009213,1.5382469281054316,-0.5150037311045104
overall,1.905000000000002,0.994698577544691,1.5346175171834153,-0.5399189396387243
overall,1.9150000000000023,0.9477164317890713,1.498103779934138,-0.5503873481450666
overall,1.925000000000002,0.8857982854009665,1.4303041290923517,-0.5445058436913852
overall,1.9350000000000023,0.8135529438694749,1.3356954958952463,-0.5221425520257714
overall,1.945000000000002,0.7353682916095415,1.220781291707946,-0.4854130000984044
overall,1.9550000000000023,0.6551209020644718,1.092941708640561,-0.43782080657608924
overall,1.965000000000002,0.575678877810447,0.9593399696735097,-0.38366109186306263
overall,1.9750000000000023,0.49905841944562584,0.8263617475514798,-0.327303328105854
overall,1.985000000000002,0.42635144686199034,0.6989159459524161,-0.2725644990904258
overall,1.9950000000000023,0.358269531305547,0.5804162615803483,-0.2221467302748013
amygdala,-0.495,0.8977069760572954,0.9641740549669892,-0.06646707890969372
amygdala,-0.485,1.0856431714044732,1.0652397455609437,0.0204034258435295
amygdala,-0.475,1.2724569721252312,1.1424742483385153,0.12998272378671594
amygdala,-0.46499999999999997,1.4459968250402653,1.1910460957473898,0.25495072929287543
amygdala,-0.45499999999999996,1.5942526267902069,1.2087177062255612,0.38553492056464567
amygdala,-0.44499999999999995,1.7069837911177839,1.1959752072299201,0.5110085838878637
amygdala,-0.43499999999999994,1.7770955524122687,1.1559246671876837,0.621170885224585
amygdala,-0.42499999999999993,1.8021100208476866,1.0932529174156371,0.7088571034320494
amygdala,-0.4149999999999999,1.784099728715078,1.014125612273994,0.769974116441084
amygdala,-0.4049999999999999,1.729530776830942,0.9251612304993752,0.8043695463315669
amygdala,-0.3949999999999999,1.6479765039808503,0.8330912984653787,0.8148852055154716
amygdala,-0.3849999999999999,1.5503011638030897,0.7438550924416862,0.8064460713614034
amygdala,-0.3749999999999999,1.4473069527160725,0.6629114485482083,0.7843955041678642
amygdala,-0.3649999999999999,1.3483015222320907,0.5947206691544468,0.7535808530776439
amygdala,-0.35499999999999987,1.2600666729867014,0.5428678460137598,0.7171988269729416
amygdala,-0.34499999999999986,1.1868923071469348,0.5095181192868272,0.6773741878601076
amygdala,-0.33499999999999985,1.1306064838438994,0.4960850032117393,0.6345214806321601
amygdala,-0.32499999999999984,1.091170041627134,0.5027091803359831,0.5884608612911508
amygdala,-0.31499999999999984,1.0670805784609565,0.5287476248872904,0.5383329535736661
amygdala,-0.3049999999999998,1.0560229317556096,0.572845020539531,0.48317791121607856
amygdala,-0.2949999999999998,1.0551562637103769,0.6329742545372,0.42218200917317683
amygdala,-0.2849999999999998,1.0615698290207596,0.7066259485118134,0.3549438805089462
amygdala,-0.2749999999999998,1.0725406412157752,0.7909530761197059,0.2815875650960693
amygdala,-0.2649999999999998,1.0852593242348134,0.8830363931809015,0.20222293105391187
amygdala,-0.2549999999999998,1.097806157119039,0.9793539604820136,0.11845219663702533
amygdala,-0.24499999999999977,1.1088115431841423,1.0765312812661663,0.03228026191797606
amygdala,-0.23499999999999976,1.1176340731183179,1.1710734793298616,-0.05343940621154375
amygdala,-0.22499999999999976,1.1249688977273975,1.2597932510903835,-0.13482435336298604
amygdala,-0.21499999999999975,1.1322576220799745,1.3396995926735078,-0.2074419705935333
amygdala,-0.20499999999999974,1.141640593322265,1.408494642556598,-0.266854049234333
amygdala,-0.19499999999999973,1.1557619393157048,1.464171872938141,-0.3084099336224362
amygdala,-0.18499999999999972,1.176968610099179,1.5055104374486583,-0.32854182734947934
amygdala,-0.1749999999999997,1.2071161799842507,1.5315880695164505,-0.32447188953219985
amygdala,-0.1649999999999997,1.2467965412433035,1.5424185655361562,-0.29562202429285267
amygdala,-0.1549999999999997,1.2951259020133008,1.5383746316622062,-0.24324872964890543
amygdala,-0.14499999999999968,1.3498379397153148,1.5209532044699783,-0.17111526475466343
amygdala,-0.13499999999999968,1.4071442225830553,1.4928796579538466,-0.08573543537079131
amygdala,-0.12499999999999967,1.4629516075584625,1.4577563901881325,0.005195217370330019
amygdala,-0.11499999999999966,1.512947153588432,1.4206305605124583,0.09231659307597373
amygdala,-0.10499999999999965,1.5537260464851297,1.387033778115001,0.16669226837012863
amygdala,-0.09499999999999964,1.5834594620532911,1.3626905747000913,0.22076888735319988
amygdala,-0.08499999999999963,1.602386862036562,1.3524529188137973,0.24993394322276474
amygdala,-0.07499999999999962,1.6123166107025784,1.359614068417897,0.25270254228468136
amygdala,-0.06499999999999961,1.6167523651809224,1.3849872257538918,0.2317651394270306
amygdala,-0.054999999999999605,1.6201343033897437,1.4265890117008442,0.19354529168889956
amygdala,-0.044999999999999596,1.6267309561425103,1.4801328004144496,0.14659815572806068
amygdala,-0.03499999999999959,1.639980468868608,1.5393167000950985,0.10066376877350947
amygdala,-0.024999999999999578,1.6620176931821222,1.5971263092443617,0.0648913839377605
amygdala,-0.01499999999999957,1.6924796251240106,1.6471348677377113,0.045344757386299284
amygdala,-0.00499999999999956,1.7291454841753051,1.6838911265093022,0.04525435766600294
amygdala,0.0050000000000004485,1.76775817774539,1.704040061272928,0.06371811647246184
amygdala,0.015000000000000457,1.8027933624497652,1.705946992415307,0.09684637003445817
amygdala,0.025000000000000466,1.82818218535704,1.6901404051475715,0.13804178020946845
amygdala,0.035000000000000475,1.8382944237565044,1.6578367194288437,0.18045770432766073
amygdala,0.045000000000000484,1.828947863285714,1.6113681667929556,0.21757969649275832
amygdala,0.05500000000000049,1.7983316822161695,1.553207241699512,0.2451244405166575
amygdala,0.0650000000000005,1.7471813233456406,1.486483790210013,0.2606975331356276
amygdala,0.07500000000000051,1.6790501195228928,1.4141444087801862,0.26490571074270663
amygdala,0.08500000000000052,1.5998195776932163,1.3396918276770946,0.26012775001612165
amygdala,0.09500000000000053,1.5166960646459824,1.2664635666668091,0.25023249797917324
amygdala,0.10500000000000054,1.4371386208970702,1.1977769225698616,0.23936169832720866
amygdala,0.11500000000000055,1.3674993519672682,1.1366131785666551,0.23088617340061313
amygdala,0.12500000000000056,1.3118577980881396,1.0855050690554682,0.22635272903267145
amygdala,0.13500000000000056,1.2711266995266333,1.0459666460970223,0.22516005342961098
amygdala,0.14500000000000057,1.2434572761855163,1.0190444464085782,0.2244128297769381
amygdala,0.15500000000000058,1.2239860849478374,1.0049821613294376,0.21900392361839982
amygdala,0.1650000000000006,1.2064809499914002,1.0035202190825583,0.20296073090884192
amygdala,0.1750000000000006,1.1845306568706375,1.0138788324228296,0.1706518244478079
amygdala,0.1850000000000006,1.152986095816022,1.0351769618187006,0.11780913399732151
amygdala,0.19500000000000062,1.1091106521169112,1.0662507868609588,0.04285986525595242
amygdala,0.20500000000000063,1.0532816513143457,1.1060489321803821,-0.05276728086603644
amygdala,0.21500000000000064,0.988468018335032,1.1533777194257595,-0.16490970109072756
amygdala,0.22500000000000064,0.9197068073116713,1.2071545392085627,-0.28744773189689143
amygdala,0.23500000000000065,0.8529074590129441,1.2666850282015698,-0.41377756918862574
amygdala,0.24500000000000066,0.7937078697708329,1.3310323118106553,-0.5373244420398224
amygdala,0.25500000000000067,0.746287812292231,1.3993382025530854,-0.6530503902608544
amygdala,0.2650000000000007,0.7128349615967474,1.4699801435192124,-0.7571451819224649
amygdala,0.2750000000000007,0.6934494159800967,1.5408897084568391,-0.8474402924767425
amygdala,0.2850000000000007,0.6863504674000629,1.609647296569444,-0.923296829169381
amygdala,0.2950000000000007,0.6885011766260154,1.6730747451738435,-0.9845735685478281
amygdala,0.3050000000000007,0.6963602954546237,1.7282092546688383,-1.0318489592142146
amygdala,0.3150000000000007,0.7063363957653479,1.7722098120087613,-1.0658734162434134
amygdala,0.32500000000000073,0.7152223328395001,1.8028974266909847,-1.0876750938514848
amygdala,0.33500000000000074,0.720588743229307,1.8188171861246283,-1.0982284428953213
amygdala,0.34500000000000075,0.720718573204279,1.8192445289781798,-1.0985259557739009
amygdala,0.35500000000000076,0.7148224675823605,1.804012370164097,-1.0891899025817366
amygdala,0.36500000000000077,0.7028470124384768,1.7729979543043959,-1.070150941865919
amygdala,0.3750000000000008,0.6856471589310781,1.7264813642020438,-1.0408342052709658
amygdala,0.3850000000000008,0.6648446742375754,1.6646844273914931,-0.9998397531539177
amygdala,0.3950000000000008,0.643382655662438,1.5880445630786726,-0.9446619074162346
amygdala,0.4050000000000008,0.6246320603383357,1.4975863471065352,-0.8729542867681994
amygdala,0.4150000000000008,0.612743655947136,1.3951586985996087,-0.7824150426524727
amygdala,0.4250000000000008,0.6119483347470855,1.2840998182199657,-0.6721514834728801
amygdala,0.43500000000000083,0.6262008169326271,1.1690068086727525,-0.5428059917401254
amygdala,0.44500000000000084,0.6585218857725754,1.055830482357736,-0.3973085965851606
amygdala,0.45500000000000085,0.7104608876372736,0.9513540511857805,-0.24089316354850698
amygdala,0.46500000000000086,0.781979761047272,0.8628591585231797,-0.08087939747590778
amygdala,0.47500000000000087,0.871157733636045,0.7968078344827934,0.07434989915325163
amygdala,0.4850000000000009,0.9746611292899188,0.7582915209239011,0.2163696083660177
amygdala,0.4950000000000009,1.0882509749152443,0.7503007476358972,0.3379502272793471
amygdala,0.5050000000000009,1.2072012161528742,0.7732206733968067,0.43398054275606757
amygdala,0.5150000000000009,1.3269287288743747,0.8245276949917534,0.5024010338826214
amygdala,0.5250000000000009,1.4436521283427775,0.8991011607602033,0.5445509675825742
amygdala,0.5350000000000009,1.554417754442496,0.9896045964416076,0.5648131580008884
amygdala,0.5450000000000009,1.6578875139830855,1.0878125963198153,0.5700749176632702
amygdala,0.5550000000000009,1.75343148834117,1.1846985225998832,0.5687329657412867
amygdala,0.565000000000001,1.8416077743171542,1.2725460897769791,0.569061684540175
amygdala,0.575000000000001,1.923365241564941,1.3447106607246588,0.5786545808402821
amygdala,0.585000000000001,1.999905454133187,1.3969585136081812,0.6029469405250059
amygdala,0.595000000000001,2.071723509435353,1.4272254908027158,0.6444980186326372
amygdala,0.605000000000001,2.1385413950413823,1.4357704409648817,0.7027709540765006
amygdala,0.615000000000001,2.1987580857134574,1.4248653402075935,0.773892745505864
amygdala,0.625000000000001,2.250053523714833,1.3982495117527762,0.8518040119620569
amygdala,0.635000000000001,2.2894807506603367,1.3605915083396374,0.9288892423206994
amygdala,0.645000000000001,2.3142140977116306,1.3173864935801622,0.9968276041314683
amygdala,0.655000000000001,2.3225081398096443,1.2742811556565086,1.0482269841531358
amygdala,0.665000000000001,2.314058998945711,1.2368783487480433,1.077180650197668
amygdala,0.675000000000001,2.2902391692358877,1.2105802330610256,1.079658936174862
amygdala,0.685000000000001,2.2534891613495813,1.2000801941991504,1.053408967150431
amygdala,0.6950000000000011,2.2068271269842104,1.2085861145406034,0.998241012443607
amygdala,0.7050000000000011,2.15296328146683,1.2380839785202977,0.9148793029465323
amygdala,0.7150000000000011,2.093329246128487,1.288604046608762,0.8047251995197251
amygdala,0.7250000000000011,2.028085152703932,1.3589150552138778,0.6691700974900543
amygdala,0.7350000000000011,1.956265225995971,1.4464329494024195,0.5098322765935515
amygdala,0.7450000000000011,1.8765656698062119,1.548272768937835,0.3282929008683768
amygdala,0.7550000000000011,1.7879066296058996,1.6617846807755319,0.12612194883036776
amygdala,0.7650000000000011,1.690636746527146,1.7849943162859019,-0.09435756975875598
amygdala,0.7750000000000011,1.5868465295248044,1.9162381057955131,-0.3293915762707087
amygdala,0.7850000000000011,1.4801387239321722,2.0537246125256456,-0.5735858885934735
amygdala,0.7950000000000012,1.3754971557704083,2.194823228983839,-0.8193260732134307
amygdala,0.8050000000000012,1.2784564161444225,2.335667880861776,-1.0572114647173534
amygdala,0.8150000000000012,1.1946322460853351,2.470734527696438,-1.2761022816111027
amygdala,0.8250000000000012,1.129162453217503,2.5931896535736736,-1.4640272003561705
amygdala,0.8350000000000012,1.0867303335950866,2.695774875838245,-1.6090445422431585
amygdala,0.8450000000000012,1.0710647392074997,2.772080573405546,-1.7010158341980464
amygdala,0.8550000000000012,1.0846950138906946,2.8177015603421944,-1.7330065464514999
amygdala,0.8650000000000012,1.1290113712059076,2.8308943587621274,-1.7018829875562198
amygdala,0.8750000000000012,1.2033275758668287,2.812888330997718,-1.6095607551308895
amygdala,0.8850000000000012,1.304842027199056,2.7677248260281146,-1.4628827988290587
amygdala,0.8950000000000012,1.4272598878047638,2.7012119851341354,-1.2739520973293716
amygdala,0.9050000000000012,1.5617861505888493,2.619966683347519,-1.0581805327586695
amygdala,0.9150000000000013,1.6975854854358516,2.5307745492863982,-0.8331890638505466
amygdala,0.9250000000000013,1.8226165442856774,2.4397253725873744,-0.617108828301697
amygdala,0.9350000000000013,1.9256840687784487,2.351619524058739,-0.4259354552802903
amygdala,0.9450000000000013,1.9982260668428953,2.2697963797887404,-0.2715703129458451
amygdala,0.9550000000000013,2.035598576443271,2.1961434334861236,-0.16054485704285248
amygdala,0.9650000000000013,2.038273483403833,2.1314600563648884,-0.09318657296105526
amygdala,0.9750000000000013,2.0112047568897133,2.074752523851252,-0.06354776696153852
amygdala,0.9850000000000013,1.9631573474281983,2.0246051610182145,-0.061447813590016276
amygdala,0.9950000000000013,1.9048015529784659,1.978604461449843,-0.07380290847137716
amygdala,1.0050000000000012,1.8469049262576753,1.9342901865158189,-0.08738526025814353
amygdala,1.0150000000000015,1.7983730995564178,1.8894518087491483,-0.09107870919273053
amygdala,1.0250000000000012,1.7651217583844294,1.8424516328304454,-0.07732987444601602
amygdala,1.0350000000000015,1.7488162823383728,1.7928366018074062,-0.0440203194690334
amygdala,1.0450000000000013,1.747347144022495,1.7406601745813963,0.0066869694410987
amygdala,1.0550000000000015,1.7553357198956245,1.686626884668384,0.06870883522724047
amygdala,1.0650000000000013,1.764917485411161,1.631819224814616,0.13309826059654495
amygdala,1.0750000000000015,1.7672952956792123,1.5768681144585805,0.19042718122063174
amygdala,1.0850000000000013,1.7540148722160547,1.5216331705908617,0.232381701625193
amygdala,1.0950000000000015,1.7184297092022716,1.4651059740468673,0.2533237351554043
amygdala,1.1050000000000013,1.6564348485631266,1.4057663083186305,0.25066854024449614
amygdala,1.1150000000000015,1.5673291756995378,1.3416164585850872,0.22571271711445062
amygdala,1.1250000000000013,1.453843666069057,1.2712553975580843,0.18258826851097276
amygdala,1.1350000000000016,1.3217538366995631,1.1939473591965322,0.12780647750303098
amygdala,1.1450000000000014,1.1788554912409333,1.1105401919533193,0.06831529928761393
amygdala,1.1550000000000016,1.0339043129288488,1.0230353236390286,0.010868989289820163
amygdala,1.1650000000000014,0.8951277640176531,0.9346084164546349,-0.039480652436981734
amygdala,1.1750000000000016,0.7691957448619524,0.8489019477216602,-0.07970620285970775
amygdala,1.1850000000000014,0.6603164344759945,0.7697325659287707,-0.10941613145277618
amygdala,1.1950000000000016,0.5703366675468944,0.7001396351882266,-0.12980296764133226
amygdala,1.2050000000000014,0.4988845090601188,0.6421643926854349,-0.14327988362531613
amygdala,1.2150000000000016,0.44407012572631477,0.5962763478659133,-0.15220622213959856
amygdala,1.2250000000000014,0.40383464595679464,0.5620403292983855,-0.1582056833415909
amygdala,1.2350000000000017,0.37636339363944593,0.5378300246803865,-0.1614666310409406
amygdala,1.2450000000000014,0.3608895619846255,0.5219104524376195,-0.16102089045299395
amygdala,1.2550000000000017,0.3579432472591134,0.5121833158305733,-0.1542400685714599
amygdala,1.2650000000000015,0.3686505026748601,0.5074046935671319,-0.1387541908922718
amygdala,1.2750000000000017,0.39439364034105506,0.506795732630131,-0.11240209228907594
amygdala,1.2850000000000015,0.43576919712164164,0.5108391416237356,-0.07506994450209392
amygdala,1.2950000000000017,0.49211882273505747,0.5209489992260227,-0.028830176490965198
amygdala,1.3050000000000015,0.5612266863459874,0.5393382612751111,0.021888425070876294
amygdala,1.3150000000000017,0.6387738650399607,0.5691380687870239,0.06963579625293681
amygdala,1.3250000000000015,0.7192930019668327,0.6134982120116328,0.10579478995519986
amygdala,1.3350000000000017,0.7968656735787235,0.6754463531252013,0.12141932045352222
amygdala,1.3450000000000015,0.8659808739706716,0.7573932537009214,0.10858762026975022
amygdala,1.3550000000000018,0.9225561584115236,0.8604406537303035,0.06211550468122007
amygdala,1.3650000000000015,0.9640464587271951,0.9841877307612825,-0.020141272034087443
amygdala,1.3750000000000018,0.9906239142082817,1.1262760109898884,-0.13565209678160672
amygdala,1.3850000000000016,1.0044935525607162,1.2828419288057082,-0.2783483762449921
amygdala,1.3950000000000018,1.0094808888775437,1.4483390882802447,-0.438858199402701
amygdala,1.4050000000000016,1.0102507261771536,1.6163291319229929,-0.6060784057458393
amygdala,1.4150000000000018,1.0114536051047225,1.780052163061822,-0.7685985579570995
amygdala,1.4250000000000016,1.0170735371215094,1.9330864145531697,-0.9160128774316603
amygdala,1.4350000000000018,1.0296790162342069,2.069953607424207,-1.04027459119
amygdala,1.4450000000000016,1.0507349234706074,2.1861177712371256,-1.1353828477665182
amygdala,1.4550000000000018,1.080253525452164,2.278442008412861,-1.1981884829606972
amygdala,1.4650000000000016,1.1173317987738323,2.344483122161066,-1.2271513233872338
amygdala,1.4750000000000019,1.1603170413147605,2.3824332753971182,-1.2221162340823577
amygdala,1.4850000000000017,1.2069260024920998,2.3908582735650543,-1.1839322710729545
amygdala,1.4950000000000019,1.254296497293429,2.3684955802880285,-1.1141990829945996
amygdala,1.5050000000000017,1.2986559876792318,2.314594706253863,-1.0159387185746311
amygdala,1.515000000000002,1.3358792314894083,2.229450894429053,-0.8935716629396446
amygdala,1.5250000000000017,1.3608772868047874,2.1148480849458147,-0.7539707981410273
amygdala,1.535000000000002,1.3691388594065694,1.9746464122187697,-0.6055075528122003
amygdala,1.5450000000000017,1.3570592310027303,1.8149341116703983,-0.457874880667668
amygdala,1.555000000000002,1.323307967798237,1.6439903865027337,-0.32068241870449676
amygdala,1.5650000000000017,1.268722730163908,1.4713564519341835,-0.2026337217702756
amygdala,1.575000000000002,1.197574801509732,1.306983522305545,-0.10940872079581299
amygdala,1.5850000000000017,1.1165225859396015,1.1605851747967089,-0.04406258885710734
amygdala,1.595000000000002,1.0342949995527564,1.040143584464238,-0.005848584911481547
amygdala,1.6050000000000018,0.960265441537921,0.9512914463830541,0.008973995154866965
amygdala,1.615000000000002,0.9031855927421273,0.8968356060692477,0.0063499866728795595
amygdala,1.6250000000000018,0.8704401234138669,0.8770336580070254,-0.006593534593158479
amygdala,1.635000000000002,0.8666826646043396,0.8894196850315211,-0.02273702042718151
amygdala,1.6450000000000018,0.8935070873648394,0.9299975877676239,-0.036490500402784454
amygdala,1.655000000000002,0.9490789561303915,0.9932769162290693,-0.044197960098677824
amygdala,1.6650000000000018,1.0281578518077663,1.0737162674117817,-0.04555841560401541
amygdala,1.675000000000002,1.1227864677161528,1.1653273542665517,-0.04254088655039889
amygdala,1.6850000000000018,1.2225492122407304,1.2632114719060694,-0.040662259665338985
amygdala,1.695000000000002,1.316710504116209,1.3627367374799526,-0.04602623336374356
amygdala,1.7050000000000018,1.3943132569682035,1.4600026772734163,-0.06568942030521274
amygdala,1.715000000000002,1.4469234685797248,1.5516487705518789,-0.10472530197215413
amygdala,1.7250000000000019,1.4689867948754873,1.6340646991329142,-0.16507790425742686
amygdala,1.735000000000002,1.4586407806098118,1.7041703778952162,-0.24552959728540436
amygdala,1.7450000000000019,1.4180635061431235,1.7594807792142155,-0.34141727307109204
amygdala,1.7550000000000021,1.3528502456956542,1.7984257132693315,-0.4455754675736774
amygdala,1.765000000000002,1.2712632588218553,1.8213993074916925,-0.5501360486698372
amygdala,1.7750000000000021,1.183516099859781,1.8309500329867565,-0.6474339331269756
amygdala,1.785000000000002,1.0994874003162434,1.8323389170430304,-0.7328515167267871
amygdala,1.7950000000000021,1.0288612701551503,1.832429520002747,-0.8035682498475967
amygdala,1.805000000000002,0.9795753004183667,1.8391223388691653,-0.8595470384507986
amygdala,1.8150000000000022,0.9570793359299318,1.859570572290302,-0.9024912363603702
amygdala,1.825000000000002,0.9637095552505371,1.8985878158974632,-0.934878260646926
amygdala,1.8350000000000022,0.9982876045588407,1.9573152142754504,-0.9590276097166097
amygdala,1.845000000000002,1.0562899820341032,2.0324872462999397,-0.9761972642658365
amygdala,1.8550000000000022,1.1300105957025073,2.1167314346209403,-0.986720838918433
amygdala,1.865000000000002,1.2097452461592377,2.1992315139474536,-0.9894862677882159
amygdala,1.8750000000000022,1.2850428311956408,2.267573130568008,-0.9825302993723672
amygdala,1.885000000000002,1.3462027666163086,2.3095935541794224,-0.9633907875631138
amygdala,1.8950000000000022,1.385626740840764,2.3152290849185793,-0.9296023440778152
amygdala,1.905000000000002,1.398686270509454,2.278135667668277,-0.8794493971588229
amygdala,1.9150000000000023,1.3841561732861465,2.196366394325206,-0.8122102210390596
amygdala,1.925000000000002,1.3434209102876742,2.0725705461836688,-0.7291496358959946
amygdala,1.9350000000000023,1.2803596647344113,1.913230312286791,-0.6328706475523798
amygdala,1.945000000000002,1.199334567481988,1.7276620149615698,-0.5283274474795818
amygdala,1.9550000000000023,1.105008946948402,1.5265100005679957,-0.4215010536195938
amygdala,1.965000000000002,1.0014736637573423,1.3202705442038263,-0.318796880446484
amygdala,1.9750000000000023,0.8924364091002549,1.1184176317468466,-0.2259812226465917
amygdala,1.985000000000002,0.7807865787977473,0.9284201541653085,-0.14763357536756128
amygdala,1.9950000000000023,0.6693563028140168,0.7553461993544267,-0.0859898965404099
hippocampus,-0.495,0.20361944781686342,0.23535766792398524,-0.03173822010712182
hippocampus,-0.485,0.24278960725806897,0.2860917306986205,-0.04330212344055151
hippocampus,-0.475,0.28101401450870417,0.3377586341871224,-0.05674461967841821
hippocampus,-0.46499999999999997,0.3165098073202471,0.3879551512804744,-0.07144534396022734
hippocampus,-0.45499999999999996,0.34787970355582876,0.4344160524484905,-0.08653634889266176
hippocampus,-0.44499999999999995,0.3742723376425064,0.47500427456745364,-0.10073193692494725
hippocampus,-0.43499999999999994,0.39541298376844164,0.5082462068449012,-0.11283322307645954
hippocampus,-0.42499999999999993,0.41151072538623334,0.5329878649049414,-0.12147713951870809
hippocampus,-0.4149999999999999,0.42308392318188476,0.5487196940595596,-0.1256357708776748
hippocampus,-0.4049999999999999,0.4307616692693913,0.5553646513493855,-0.1246029820799942
hippocampus,-0.3949999999999999,0.43511094406038797,0.5533682429582243,-0.11825729889783632
hippocampus,-0.3849999999999999,0.43651576793603636,0.5435610569832721,-0.1070452890472357
hippocampus,-0.3749999999999999,0.43511094406038797,0.5273731796173664,-0.09226223555697843
hippocampus,-0.3649999999999999,0.4307616692693913,0.5068191027920362,-0.07605743352264493
hippocampus,-0.35499999999999987,0.42308392318188476,0.4847179927154277,-0.061634069533542946
hippocampus,-0.34499999999999986,0.41151072538623334,0.46450378882645177,-0.052993063440218424
hippocampus,-0.33499999999999985,0.39541298376844164,0.45004013167877394,-0.0546271479103323
hippocampus,-0.32499999999999984,0.3742723376425064,0.4452280476111401,-0.0709557099686337
hippocampus,-0.31499999999999984,0.34787970355582876,0.45349131874451704,-0.10561161518868828
hippocampus,-0.3049999999999998,0.3165098073202471,0.47731768001624497,-0.1608078726959979
hippocampus,-0.2949999999999998,0.28101401450870417,0.5175672497077387,-0.23655323519903454
hippocampus,-0.2849999999999998,0.24278960725806897,0.573508732366504,-0.33071912510843504
hippocampus,-0.2749999999999998,0.20361944781686342,0.6426330149256048,-0.43901356710874134
hippocampus,-0.2649999999999998,0.16541738673399212,0.7210758387353772,-0.5556584520013851
hippocampus,-0.2549999999999998,0.129944496693717,0.8035442109630465,-0.6735997142693295
hippocampus,-0.24499999999999977,0.09853077578098333,0.8844738551631399,-0.7859430793821566
hippocampus,-0.23499999999999976,0.07209831912488168,0.9582638698102928,-0.8861655506854111
hippocampus,-0.22499999999999976,0.05083594332576376,1.0197593034409216,-0.9689233601151578
hippocampus,-0.21499999999999975,0.034515875640399866,1.06493631022302,-1.0304204345826202
hippocampus,-0.20499999999999974,0.022554964017802118,1.0915116118883024,-1.0689566478705002
hippocampus,-0.19499999999999973,0.01417961707207737,1.0992197592085904,-1.085040142136513
hippocampus,-0.18499999999999972,0.008573343578110952,1.090293337357002,-1.081719993778891
hippocampus,-0.1749999999999997,0.0049473557003878515,1.0691559054934623,-1.0642085497930744
hippocampus,-0.1649999999999997,0.002770016375465188,1.0422717772510217,-1.0395017608755566
hippocampus,-0.1549999999999997,0.0014901149012276592,1.017262720096429,-1.0157726051952014
hippocampus,-0.14499999999999968,0.0007701678752454822,1.0017307734288223,-1.000960605553577
hippocampus,-0.13499999999999968,0.00038245404829916215,1.0021208752033763,-1.0017384211550773
hippocampus,-0.12499999999999967,0.00018247414849088418,1.0221947655124137,-1.022012291363923
hippocampus,-0.11499999999999966,8.364724657602327e-05,1.0623719533433353,-1.0622883060967594
hippocampus,-0.10499999999999965,0.0,1.1192780352801341,-1.1192780352801341
hippocampus,-0.09499999999999964,0.0,1.1860086038295423,-1.1860086038295423
hippocampus,-0.08499999999999963,0.0,1.2530118505353074,-1.2530118505353074
hippocampus,-0.07499999999999962,0.0,1.3095442699413915,-1.3095442699413915
hippocampus,-0.06499999999999961,0.0,1.3450730913452742,-1.3450730913452742
hippocampus,-0.054999999999999605,0.0,1.351206787347304,-1.351206787347304
hippocampus,-0.044999999999999596,0.0,1.3229091403123385,-1.3229091403123385
hippocampus,-0.03499999999999959,0.0,1.2592665107548853,-1.2592665107548853
hippocampus,-0.024999999999999578,0.0,1.163578527076393,-1.163578527076393
hippocampus,-0.01499999999999957,0.0,1.0430449191447462,-1.0430449191447462
hippocampus,-0.00499999999999956,0.0,0.9073192079008355,-0.9073192079008355
hippocampus,0.0050000000000004485,0.0,0.7673310699517569,-0.7673310699517569
hippocampus,0.015000000000000457,0.0,0.6337131420639592,-0.6337131420639592
hippocampus,0.025000000000000466,0.0,0.5156927473819887,-0.5156927473819887
hippocampus,0.035000000000000475,0.0,0.42006461852443727,-0.42006461852443727
hippocampus,0.045000000000000484,0.0,0.3509570475345146,-0.3509570475345146
hippocampus,0.05500000000000049,0.0,0.30941584168174835,-0.30941584168174835
hippocampus,0.0650000000000005,8.364724657602327e-05,0.29411304228595014,-0.29402939503937414
hippocampus,0.07500000000000051,0.00018247414849088418,0.3015287663938955,-0.3013462922454046
hippocampus,0.08500000000000052,0.00038245404829916215,0.3265198749049301,-0.32613742085663094
hippocampus,0.09500000000000053,0.0007701678752454822,0.3629129731132809,-0.36214280523803544
hippocampus,0.10500000000000054,0.0014901149012276592,0.40411060070312194,-0.4026204858018943
hippocampus,0.11500000000000055,0.0028536636220412113,0.44393806339964065,-0.44108439977759945
hippocampus,0.12500000000000056,0.005129829848878735,0.477015049765021,-0.4718852199161423
hippocampus,0.13500000000000056,0.008872150379834092,0.49957210066573304,-0.49069995028589897
hippocampus,0.14500000000000057,0.014767310798831968,0.5096703632154959,-0.4949030524166639
hippocampus,0.15500000000000058,0.023662624870730616,0.5076170632604167,-0.48395443838968605
hippocampus,0.1650000000000006,0.03651572414061957,0.4950703961389101,-0.4585546719982905
hippocampus,0.1750000000000006,0.054293184124923954,0.4750829081720267,-0.42078972404710274
hippocampus,0.1850000000000006,0.07781799908095142,0.45101603784888117,-0.37319803876792973
hippocampus,0.19500000000000062,0.10758056300418198,0.4258856735415716,-0.31830511053738964
hippocampus,0.20500000000000063,0.14354366308510902,0.40163055621039256,-0.25808689312528355
hippocampus,0.21500000000000064,0.18498347742706917,0.37899071315781124,-0.19400723573074208
hippocampus,0.22500000000000064,0.2304103122235974,0.35750719902869027,-0.12709688680509287
hippocampus,0.23500000000000065,0.2776020343670856,0.33591230091428487,-0.058310266547199285
hippocampus,0.24500000000000066,0.32376149126353587,0.31269189912296796,0.011069592140567908
hippocampus,0.25500000000000067,0.36578264131097143,0.2866468922920547,0.07913574901891673
hippocampus,0.2650000000000007,0.4005866974367601,0.2572979368528312,0.14328876058392892
hippocampus,0.2750000000000007,0.42547597199442666,0.22504089091672078,0.20043508107770588
hippocampus,0.2850000000000007,0.4385354500471855,0.19104429503182388,0.24749115501536165
hippocampus,0.2950000000000007,0.4386342769491004,0.15712258773070015,0.28151168921840025
hippocampus,0.3050000000000007,0.4259420732893019,0.12488857183635217,0.30105350145294973
hippocampus,0.3150000000000007,0.4015393394604965,0.09602091722691235,0.30551842223358416
hippocampus,0.32500000000000073,0.3676552102604983,0.07172245362172895,0.29593275663876933
hippocampus,0.33500000000000074,0.32730167551424655,0.052875806768442626,0.27442586874580394
hippocampus,0.34500000000000075,0.2841231522152771,0.03983316296155741,0.2442899892537197
hippocampus,0.35500000000000076,0.2418524990790884,0.032915776713453006,0.2089367223656354
hippocampus,0.36500000000000077,0.20431043009934263,0.03251687133714731,0.17179355876219532
hippocampus,0.3750000000000008,0.17497603726139238,0.03946421198116322,0.13551182528022915
hippocampus,0.3850000000000008,0.1568135285941505,0.05483240839032414,0.10198112020382635
hippocampus,0.3950000000000008,0.15210635385045568,0.08015614330654966,0.07195021054390602
hippocampus,0.4050000000000008,0.1623981975864587,0.11716116441336971,0.045237033173089
hippocampus,0.4150000000000008,0.188117143125777,0.16742105922125144,0.020696083904525542
hippocampus,0.4250000000000008,0.2287416777076388,0.23189431414849604,-0.003152636440857226
hippocampus,0.43500000000000083,0.2825311783860907,0.31049984315658774,-0.02796866477049703
hippocampus,0.44500000000000084,0.3465436099608835,0.40143331756796863,-0.054889707607085114
hippocampus,0.45500000000000085,0.4167571759284639,0.5011680271452548,-0.08441085121679087
hippocampus,0.46500000000000086,0.48837187705384727,0.6045681185183508,-0.11619624146450352
hippocampus,0.47500000000000087,0.5562484511263925,0.7047710376468115,-0.14852258652041894
hippocampus,0.4850000000000009,0.6156654628722238,0.7944509861383247,-0.17878552326610087
hippocampus,0.4950000000000009,0.6626157100704476,0.8665443467234467,-0.2039286366529991
hippocampus,0.5050000000000009,0.6945196646704924,0.9153502508588316,-0.22083058618833917
hippocampus,0.5150000000000009,0.7103884271018157,0.9374794440308133,-0.22709101692899758
hippocampus,0.5250000000000009,0.7107489289143586,0.9325739525425359,-0.22182502362817735
hippocampus,0.5350000000000009,0.6975064095555448,0.9032447013929936,-0.20573829183744885
hippocampus,0.5450000000000009,0.6731557178051188,0.855023941110982,-0.18186822330586316
hippocampus,0.5550000000000009,0.6404704475997904,0.795369429191258,-0.15489898159146753
hippocampus,0.565000000000001,0.6019420108470243,0.7325335461435067,-0.13059153529648249
hippocampus,0.575000000000001,0.5595603589870458,0.6742725710125629,-0.11471221202551707
hippocampus,0.585000000000001,0.5144990396450635,0.6267642715311968,-0.11226523188613335
hippocampus,0.595000000000001,0.4675500502996184,0.5935537961212034,-0.12600374582158502
hippocampus,0.605000000000001,0.41923309945443776,0.5755363418053577,-0.15630324235091997
hippocampus,0.615000000000001,0.3701472294782264,0.5710930572821856,-0.2009458278039592
hippocampus,0.625000000000001,0.3212208889317964,0.5765653183214416,-0.25534442938964524
hippocampus,0.635000000000001,0.27382662844959316,0.5875070851718994,-0.31368045672230627
hippocampus,0.645000000000001,0.2297373584973661,0.5995204383932919,-0.36978307989592585
hippocampus,0.655000000000001,0.19094760680571488,0.6091273063412922,-0.4181796995355773
hippocampus,0.665000000000001,0.15941337495822233,0.614280700220733,-0.45486732526251067
hippocampus,0.675000000000001,0.13677146620102115,0.6144932268236063,-0.47772176062258515
hippocampus,0.685000000000001,0.12417123541579166,0.6107043570350938,-0.4865331216193022
hippocampus,0.6950000000000011,0.12180909584639957,0.6045915861431651,-0.48278249029676557
hippocampus,0.7050000000000011,0.1292853440418527,0.5982495775803067,-0.468964233538454
hippocampus,0.7150000000000011,0.14508399883559997,0.5938417644242904,-0.4487577655886904
hippocampus,0.7250000000000011,0.16710748153502808,0.5926379540533391,-0.425530472518311
hippocampus,0.7350000000000011,0.1925066706545523,0.5952439993210638,-0.40273732866651146
hippocampus,0.7450000000000011,0.21825209026502082,0.6012741434819044,-0.38302205321688365
hippocampus,0.7550000000000011,0.24143778388994053,0.6097512840306017,-0.3683135001406612
hippocampus,0.7650000000000011,0.25989874602017954,0.6187965189107683,-0.3588977728905887
hippocampus,0.7750000000000011,0.2722916056195938,0.6261885914442261,-0.3538969858246323
hippocampus,0.7850000000000011,0.278539650008819,0.6298891336206258,-0.35134948361180685
hippocampus,0.7950000000000012,0.27970637375596735,0.6282687869914455,-0.34856241323547815
hippocampus,0.8050000000000012,0.2776856816136616,0.6204538033539998,-0.3427681217403382
hippocampus,0.8150000000000012,0.27464790387965676,0.6064743946968755,-0.3318264908172187
hippocampus,0.8250000000000012,0.2726089227775208,0.5872964248718696,-0.3146875020943488
hippocampus,0.8350000000000012,0.2726089227775208,0.5643521060781203,-0.29174318330059945
hippocampus,0.8450000000000012,0.27464790387965676,0.5394685624761077,-0.264820658596451
hippocampus,0.8550000000000012,0.2776020343670856,0.5146201310686762,-0.23701809670159063
hippocampus,0.8650000000000012,0.27960754685405254,0.49119344335610843,-0.2115858965020559
hippocampus,0.8750000000000012,0.2783396701090107,0.47039678495927323,-0.19205711485026256
hippocampus,0.8850000000000012,0.2719038917926475,0.4532139968468727,-0.18131010505422518
hippocampus,0.8950000000000012,0.2591787989941974,0.4402457001028884,-0.181066901108691
hippocampus,0.9050000000000012,0.24024152966227902,0.4320418089940199,-0.19180027933174087
hippocampus,0.9150000000000013,0.21634087233516508,0.4291328924412309,-0.2127920201060658
hippocampus,0.9250000000000013,0.1896129054667713,0.4318340060063455,-0.24222110053957424
hippocampus,0.9350000000000013,0.16301877826158806,0.4401865601235482,-0.2771677818619601
hippocampus,0.9450000000000013,0.13973384276294668,0.4541824701737731,-0.31444862741082646
hippocampus,0.9550000000000013,0.12304125219986276,0.47330184247381724,-0.3502605902739545
hippocampus,0.9650000000000013,0.11608780313742914,0.49680681376486124,-0.3807190106274321
hippocampus,0.9750000000000013,0.1216023172531426,0.5237133501568043,-0.4021110329036617
hippocampus,0.9850000000000013,0.1421503722253794,0.5528625499814959,-0.41071217775611646
hippocampus,0.9950000000000013,0.18012994577394265,0.5829604196238678,-0.40283047384992515
hippocampus,1.0050000000000012,0.2374359778997019,0.6128295946090833,-0.3753936167093814
hippocampus,1.0150000000000015,0.31550437921684926,0.6412053029691098,-0.32570092375226056
hippocampus,1.0250000000000012,0.41489737253298303,0.667032704398199,-0.2521353318652159
hippocampus,1.0350000000000015,0.5348650060937882,0.6897007742548952,-0.154835768161107
hippocampus,1.0450000000000013,0.6728774534585041,0.7085021740074529,-0.03562472054894872
hippocampus,1.0550000000000015,0.8242459647632528,0.7230756829367967,0.10117028182645615
hippocampus,1.0650000000000013,0.9820553331539673,0.7329832244606465,0.24907210869332086
hippocampus,1.0750000000000015,1.1372175341567716,0.7375631933250527,0.3996543408317189
hippocampus,1.0850000000000013,1.2791827372549776,0.7358339066956332,0.5433488305593444
hippocampus,1.0950000000000015,1.3971156195997856,0.726536758712189,0.6705788608875966
hippocampus,1.1050000000000013,1.481319626657326,0.708676331068136,0.7726432955891901
hippocampus,1.1150000000000015,1.5244345737238842,0.6814270309578956,0.8430075427659887
hippocampus,1.1250000000000013,1.5229144725344024,0.6451346227349904,0.8777798497994119
hippocampus,1.1350000000000016,1.477684493683948,0.6013764156128706,0.8763080780710774
hippocampus,1.1450000000000014,1.3941947196001836,0.5530131715227949,0.8411815480773887
hippocampus,1.1550000000000016,1.2817455095736376,0.5039380600333683,0.7778074495402694
hippocampus,1.1650000000000014,1.152197761130823,0.45821901630691714,0.6939787448239059
hippocampus,1.1750000000000016,1.0183035141273424,0.4196193855720126,0.5986841285553298
hippocampus,1.1850000000000014,0.8920370582151839,0.3910231121362869,0.5010139460788969
hippocampus,1.1950000000000016,0.7828146320472776,0.3735388292239281,0.4092758028233495
hippocampus,1.2050000000000014,0.6966979541881884,0.36699851140430484,0.3296994427838835
hippocampus,1.2150000000000016,0.6357249333639107,0.37000554842251887,0.2657193849413918
hippocampus,1.2250000000000014,0.5980873354313203,0.38049163503402333,0.21759570039729698
hippocampus,1.2350000000000017,0.5788640196614017,0.39625161409588117,0.1826124055655205
hippocampus,1.2450000000000014,0.5712063165552602,0.41557182038447454,0.15563449617078567
hippocampus,1.2550000000000017,0.56775912531423,0.4371719442200433,0.1305871810941867
hippocampus,1.2650000000000015,0.5620541135896084,0.460398558840706,0.10165555474890242
hippocampus,1.2750000000000017,0.5495732056627705,0.4850991594123427,0.06447404625042774
hippocampus,1.2850000000000015,0.5285153311425297,0.5110052514670782,0.017510079675451484
hippocampus,1.2950000000000017,0.4995786398248189,0.5377358920212343,-0.03815725219641536
hippocampus,1.3050000000000015,0.4653975654821281,0.5642458226120531,-0.09884825712992507
hippocampus,1.3150000000000017,0.429770366655278,0.5890362702678047,-0.15926590361252668
hippocampus,1.3250000000000015,0.3965064800646669,0.6100225994625731,-0.2135161193979062
hippocampus,1.3350000000000017,0.36853627288116547,0.6249253951289063,-0.25638912224774085
hippocampus,1.3450000000000015,0.3471286770528376,0.631482982138456,-0.2843543050856184
hippocampus,1.3550000000000018,0.33207769264050047,0.6278049276784036,-0.2957272350379031
hippocampus,1.3650000000000015,0.32184295095074184,0.6129401051569818,-0.29109715420624
hippocampus,1.3750000000000018,0.31432684885360923,0.5871174780828756,-0.2727906292292664
hippocampus,1.3850000000000016,0.3077747378840138,0.5519771357334751,-0.24420239784946124
hippocampus,1.3950000000000018,0.3008265093641321,0.5102400972338357,-0.2094135878697036
hippocampus,1.4050000000000016,0.29334340568769846,0.4656599989580903,-0.17231659327039184
hippocampus,1.4150000000000018,0.28617322156476016,0.42229831937573925,-0.1361250978109791
hippocampus,1.4250000000000016,0.28058062420606816,0.3839010559335573,-0.10332043172748911
hippocampus,1.4350000000000018,0.2780216759777583,0.3532805854805135,-0.07525890950275521
hippocampus,1.4450000000000016,0.27947906827669877,0.33184946260283266,-0.052370394326133884
hippocampus,1.4550000000000018,0.2851926433092094,0.31965332435181126,-0.03446068104260186
hippocampus,1.4650000000000016,0.2946353150612042,0.3152618021614027,-0.020626487100198487
hippocampus,1.4750000000000019,0.3067274125239433,0.31646372037581144,-0.009736307851868131
hippocampus,1.4850000000000017,0.32039260005720915,0.3207750541055083,-0.000382454048299119
hippocampus,1.4950000000000019,0.33486440909247095,0.32599709601776317,0.008867313074707783
hippocampus,1.5050000000000017,0.3499094438378713,0.3305905974904096,0.019318846347461727
hippocampus,1.515000000000002,0.36599689536022517,0.33374130249629846,0.03225559286392671
hippocampus,1.5250000000000017,0.3839380688581991,0.3353624083089085,0.04857566054929058
hippocampus,1.535000000000002,0.40440057258585776,0.3354547238847404,0.06894584870111736
hippocampus,1.5450000000000017,0.4273757884427992,0.3339748425106946,0.09340094593210463
hippocampus,1.555000000000002,0.4517862057241267,0.33058234710167267,0.12120385862245403
hippocampus,1.5650000000000017,0.4753817149737498,0.3243264194603259,0.1510552955134239
hippocampus,1.575000000000002,0.49498674889233407,0.31430471914157193,0.18068202975076214
hippocampus,1.5850000000000017,0.5071357823102026,0.299548571321203,0.20758721098899963
hippocampus,1.595000000000002,0.508517741291951,0.27964731086174743,0.2288704304302036
hippocampus,1.6050000000000018,0.49714452339610793,0.25512059752790855,0.24202392586819937
hippocampus,1.615000000000002,0.47238997019134643,0.22721823024164342,0.245171739949703
hippocampus,1.6250000000000018,0.43545578322718925,0.19804387646213115,0.2374119067650581
hippocampus,1.635000000000002,0.38913321292070824,0.1701822682858891,0.21895094463481915
hippocampus,1.6450000000000018,0.3373622568091282,0.1463136794605742,0.191048577348554
hippocampus,1.655000000000002,0.2847113623589954,0.12881924274697754,0.15589211961201788
hippocampus,1.6650000000000018,0.23559950460523013,0.11944429904919807,0.11615520555603207
hippocampus,1.675000000000002,0.1938368737547343,0.11905658522225177,0.07478028853248253
hippocampus,1.6850000000000018,0.16240993168293982,0.12751160199424075,0.034898329688699076
hippocampus,1.695000000000002,0.14327421841308075,0.14379460482483708,-0.000520386411756335
hippocampus,1.7050000000000018,0.1371138795227228,0.16559986088248302,-0.028485981359760215
hippocampus,1.715000000000002,0.14391865030143702,0.19031908822719454,-0.046400437925757515
hippocampus,1.7250000000000019,0.16269823869266511,0.21484507031512395,-0.05214683162245884
hippocampus,1.735000000000002,0.1919818831173155,0.2361107915093518,-0.04412890839203629
hippocampus,1.7450000000000019,0.2299839643003785,0.2518240898958226,-0.0218401255954441
hippocampus,1.7550000000000021,0.2748568286283476,0.26078397492611205,0.014072853702235544
hippocampus,1.765000000000002,0.32491177412793015,0.26326344980796207,0.061648324319968084
hippocampus,1.7750000000000021,0.378755351342623,0.26112484755406945,0.11763050378855355
hippocampus,1.785000000000002,0.4352869756961818,0.2577334017502149,0.17755357394596688
hippocampus,1.7950000000000021,0.4934942232050205,0.2572280698093959,0.23626615339562462
hippocampus,1.805000000000002,0.5523152965334882,0.2643090234828726,0.2880062730506156
hippocampus,1.8150000000000022,0.6099879350746377,0.28297043645918746,0.3270174986154502
hippocampus,1.825000000000002,0.6639861192963872,0.3159860829081685,0.3480000363882187
hippocampus,1.8350000000000022,0.7110607255781303,0.36418645378062986,0.3468742717975004
hippocampus,1.845000000000002,0.7471984821558266,0.42609702619816997,0.32110145595765666
hippocampus,1.8550000000000022,0.7684083198498676,0.4979477917754074,0.2704605280744602
hippocampus,1.865000000000002,0.7713624503372963,0.5740882692440337,0.19727418109326267
hippocampus,1.8750000000000022,0.7541134589857823,0.6477635649208849,0.10634989406489737
hippocampus,1.885000000000002,0.7166089987611293,0.7121228642864814,0.0044861344746478515
hippocampus,1.8950000000000022,0.6608596531610786,0.7612647712922838,-0.10040511813120512
hippocampus,1.905000000000002,0.5907108845799279,0.7910993666985529,-0.20038848211862492
hippocampus,1.9150000000000023,0.5112766902919961,0.7998411655430694,-0.2885644752510733
hippocampus,1.925000000000002,0.4281756605142585,0.7880377120010352,-0.35986205148677675
hippocampus,1.9350000000000023,0.3467462230045385,0.7581606795037018,-0.4114144564991633
hippocampus,1.945000000000002,0.271402015737095,0.7139005684543221,-0.44249855271722716
hippocampus,1.9550000000000023,0.20523285718054202,0.6593734167131263,-0.4541405595325843
hippocampus,1.965000000000002,0.149884091863552,0.5984093951431927,-0.4485253032796407
hippocampus,1.9750000000000023,0.10568042979099682,0.5343058633561132,-0.4286254335651164
hippocampus,1.985000000000002,0.07191631492623354,0.4694117377395236,-0.3974954228132901
hippocampus,1.9950000000000023,0.047182759797077166,0.40548632380626964,-0.3583035640091925
