subject,onset,valence,event_type
sub-cs41,0.0,neutral,event_boundary
sub-cs41,4.72,neutral,event_boundary
sub-cs41,15.0,neutral,event_boundary
sub-cs41,16.72,neutral,event_boundary
sub-cs41,19.08,neutral,event_boundary
sub-cs41,21.72,neutral,event_boundary
sub-cs41,25.08,neutral,event_boundary
sub-cs41,27.08,neutral,event_boundary
sub-cs41,37.64,neutral,event_boundary
sub-cs41,46.16,neutral,event_boundary
sub-cs41,66.28,neutral,event_boundary
sub-cs41,66.8,neutral,event_boundary
sub-cs41,90.16,neutral,event_boundary
sub-cs41,92.72,neutral,event_boundary
sub-cs41,94.88,neutral,event_boundary
sub-cs41,99.32,neutral,event_boundary
sub-cs41,103.64,neutral,event_boundary
sub-cs41,108.28,neutral,event_boundary
sub-cs41,113.44,neutral,event_boundary
sub-cs41,115.0,neutral,event_boundary
sub-cs41,117.96,neutral,event_boundary
sub-cs41,120.0,neutral,event_boundary
sub-cs41,121.88,neutral,event_boundary
sub-cs41,126.52,neutral,event_boundary
sub-cs41,129.2,neutral,event_boundary
sub-cs41,137.56,neutral,event_boundary
sub-cs41,140.36,neutral,event_boundary
sub-cs41,143.36,neutral,event_boundary
sub-cs41,145.24,neutral,event_boundary
sub-cs41,147.88,neutral,event_boundary
sub-cs41,149.4,neutral,event_boundary
sub-cs41,150.76,neutral,event_boundary
sub-cs41,153.4,neutral,event_boundary
sub-cs41,153.92,neutral,event_boundary
sub-cs41,159.08,neutral,event_boundary
sub-cs41,161.16,neutral,event_boundary
sub-cs41,163.08,neutral,event_boundary
sub-cs41,167.28,neutral,event_boundary
sub-cs41,169.04,neutral,event_boundary
sub-cs41,170.68,neutral,event_boundary
sub-cs41,171.84,neutral,event_boundary
sub-cs41,173.48,neutral,event_boundary
sub-cs41,184.92,neutral,event_boundary
sub-cs41,211.6,neutral,event_boundary
sub-cs41,217.48,neutral,event_boundary
sub-cs41,254.24,neutral,event_boundary
sub-cs41,256.12,neutral,event_boundary
sub-cs41,261.6,neutral,event_boundary
sub-cs41,264.84,neutral,event_boundary
sub-cs41,266.68,neutral,event_boundary
sub-cs41,269.24,neutral,event_boundary
sub-cs41,273.04,neutral,event_boundary
sub-cs41,277.28,neutral,event_boundary
sub-cs41,281.28,neutral,event_boundary
sub-cs41,284.56,neutral,event_boundary
sub-cs41,288.76,neutral,event_boundary
sub-cs41,291.44,neutral,event_boundary
sub-cs41,307.88,neutral,event_boundary
sub-cs41,314.48,neutral,event_boundary
sub-cs41,328.52,neutral,event_boundary
sub-cs41,340.76,neutral,event_boundary
sub-cs41,346.2,neutral,event_boundary
sub-cs41,350.0,neutral,event_boundary
sub-cs41,357.84,neutral,event_boundary
sub-cs41,360.0,neutral,event_boundary
sub-cs41,362.56,neutral,event_boundary
sub-cs41,364.92,neutral,event_boundary
sub-cs41,367.76,neutral,event_boundary
sub-cs41,369.44,neutral,event_boundary
sub-cs41,371.64,neutral,event_boundary
sub-cs41,389.64,neutral,event_boundary
sub-cs41,407.88,neutral,event_boundary
sub-cs41,409.72,neutral,event_boundary
sub-cs41,419.04,neutral,event_boundary
sub-cs41,420.24,neutral,event_boundary
sub-cs41,424.36,neutral,event_boundary
sub-cs41,427.64,neutral,event_boundary
sub-cs41,428.72,neutral,event_boundary
sub-cs41,431.52,neutral,event_boundary
sub-cs41,433.48,neutral,event_boundary
sub-cs41,435.0,neutral,event_boundary
sub-cs41,437.52,neutral,event_boundary
sub-cs41,439.6,neutral,event_boundary
sub-cs41,442.28,neutral,event_boundary
sub-cs41,445.24,neutral,event_boundary
sub-cs41,450.04,neutral,event_boundary
sub-cs41,451.4,neutral,event_boundary
sub-cs41,453.04,neutral,event_boundary
sub-cs41,453.88,neutral,event_boundary
sub-cs41,456.44,neutral,event_boundary
sub-cs41,456.96,neutral,event_boundary
sub-cs41,459.32,neutral,event_boundary
sub-cs41,475.44,neutral,event_boundary
sub-cs42,0.0,neutral,event_boundary
sub-cs42,4.72,neutral,event_boundary
sub-cs42,15.0,neutral,event_boundary
sub-cs42,16.72,neutral,event_boundary
sub-cs42,19.08,neutral,event_boundary
sub-cs42,21.72,neutral,event_boundary
sub-cs42,25.08,neutral,event_boundary
sub-cs42,27.08,neutral,event_boundary
sub-cs42,37.64,neutral,event_boundary
sub-cs42,46.16,neutral,event_boundary
sub-cs42,66.28,neutral,event_boundary
sub-cs42,66.8,neutral,event_boundary
sub-cs42,90.16,neutral,event_boundary
sub-cs42,92.72,neutral,event_boundary
sub-cs42,94.88,neutral,event_boundary
sub-cs42,99.32,neutral,event_boundary
sub-cs42,103.64,neutral,event_boundary
sub-cs42,108.28,neutral,event_boundary
sub-cs42,113.44,neutral,event_boundary
sub-cs42,115.0,neutral,event_boundary
sub-cs42,117.96,neutral,event_boundary
sub-cs42,120.0,neutral,event_boundary
sub-cs42,121.88,neutral,event_boundary
sub-cs42,126.52,neutral,event_boundary
sub-cs42,129.2,neutral,event_boundary
sub-cs42,137.56,neutral,event_boundary
sub-cs42,140.36,neutral,event_boundary
sub-cs42,143.36,neutral,event_boundary
sub-cs42,145.24,neutral,event_boundary
sub-cs42,147.88,neutral,event_boundary
sub-cs42,149.4,neutral,event_boundary
sub-cs42,150.76,neutral,event_boundary
sub-cs42,153.4,neutral,event_boundary
sub-cs42,153.92,neutral,event_boundary
sub-cs42,159.08,neutral,event_boundary
sub-cs42,161.16,neutral,event_boundary
sub-cs42,163.08,neutral,event_boundary
sub-cs42,167.28,neutral,event_boundary
sub-cs42,169.04,neutral,event_boundary
sub-cs42,170.68,neutral,event_boundary
sub-cs42,171.84,neutral,event_boundary
sub-cs42,173.48,neutral,event_boundary
sub-cs42,184.92,neutral,event_boundary
sub-cs42,211.6,neutral,event_boundary
sub-cs42,217.48,neutral,event_boundary
sub-cs42,254.24,neutral,event_boundary
sub-cs42,256.12,neutral,event_boundary
sub-cs42,261.6,neutral,event_boundary
sub-cs42,264.84,neutral,event_boundary
sub-cs42,266.68,neutral,event_boundary
sub-cs42,269.24,neutral,event_boundary
sub-cs42,273.04,neutral,event_boundary
sub-cs42,277.28,neutral,event_boundary
sub-cs42,281.28,neutral,event_boundary
sub-cs42,284.56,neutral,event_boundary
sub-cs42,288.76,neutral,event_boundary
sub-cs42,291.44,neutral,event_boundary
sub-cs42,307.88,neutral,event_boundary
sub-cs42,314.48,neutral,event_boundary
sub-cs42,328.52,neutral,event_boundary
sub-cs42,340.76,neutral,event_boundary
sub-cs42,346.2,neutral,event_boundary
sub-cs42,350.0,neutral,event_boundary
sub-cs42,357.84,neutral,event_boundary
sub-cs42,360.0,neutral,event_boundary
sub-cs42,362.56,neutral,event_boundary
sub-cs42,364.92,neutral,event_boundary
sub-cs42,367.76,neutral,event_boundary
sub-cs42,369.44,neutral,event_boundary
sub-cs42,371.64,neutral,event_boundary
sub-cs42,389.64,neutral,event_boundary
sub-cs42,407.88,neutral,event_boundary
sub-cs42,409.72,neutral,event_boundary
sub-cs42,419.04,neutral,event_boundary
sub-cs42,420.24,neutral,event_boundary
sub-cs42,424.36,neutral,event_boundary
sub-cs42,427.64,neutral,event_boundary
sub-cs42,428.72,neutral,event_boundary
sub-cs42,431.52,neutral,event_boundary
sub-cs42,433.48,neutral,event_boundary
sub-cs42,435.0,neutral,event_boundary
sub-cs42,437.52,neutral,event_boundary
sub-cs42,439.6,neutral,event_boundary
sub-cs42,442.28,neutral,event_boundary
sub-cs42,445.24,neutral,event_boundary
sub-cs42,450.04,neutral,event_boundary
sub-cs42,451.4,neutral,event_boundary
sub-cs42,453.04,neutral,event_boundary
sub-cs42,453.88,neutral,event_boundary
sub-cs42,456.44,neutral,event_boundary
sub-cs42,456.96,neutral,event_boundary
sub-cs42,459.32,neutral,event_boundary
sub-cs42,475.44,neutral,event_boundary
sub-cs43,0.0,neutral,event_boundary
sub-cs43,4.72,neutral,event_boundary
sub-cs43,15.0,neutral,event_boundary
sub-cs43,16.72,neutral,event_boundary
sub-cs43,19.08,neutral,event_boundary
sub-cs43,21.72,neutral,event_boundary
sub-cs43,25.08,neutral,event_boundary
sub-cs43,27.08,neutral,event_boundary
sub-cs43,37.64,neutral,event_boundary
sub-cs43,46.16,neutral,event_boundary
sub-cs43,66.28,neutral,event_boundary
sub-cs43,66.8,neutral,event_boundary
sub-cs43,90.16,neutral,event_boundary
sub-cs43,92.72,neutral,event_boundary
sub-cs43,94.88,neutral,event_boundary
sub-cs43,99.32,neutral,event_boundary
sub-cs43,103.64,neutral,event_boundary
sub-cs43,108.28,neutral,event_boundary
sub-cs43,113.44,neutral,event_boundary
sub-cs43,115.0,neutral,event_boundary
sub-cs43,117.96,neutral,event_boundary
sub-cs43,120.0,neutral,event_boundary
sub-cs43,121.88,neutral,event_boundary
sub-cs43,126.52,neutral,event_boundary
sub-cs43,129.2,neutral,event_boundary
sub-cs43,137.56,neutral,event_boundary
sub-cs43,140.36,neutral,event_boundary
sub-cs43,143.36,neutral,event_boundary
sub-cs43,145.24,neutral,event_boundary
sub-cs43,147.88,neutral,event_boundary
sub-cs43,149.4,neutral,event_boundary
sub-cs43,150.76,neutral,event_boundary
sub-cs43,153.4,neutral,event_boundary
sub-cs43,153.92,neutral,event_boundary
sub-cs43,159.08,neutral,event_boundary
sub-cs43,161.16,neutral,event_boundary
sub-cs43,163.08,neutral,event_boundary
sub-cs43,167.28,neutral,event_boundary
sub-cs43,169.04,neutral,event_boundary
sub-cs43,170.68,neutral,event_boundary
sub-cs43,171.84,neutral,event_boundary
sub-cs43,173.48,neutral,event_boundary
sub-cs43,184.92,neutral,event_boundary
sub-cs43,211.6,neutral,event_boundary
sub-cs43,217.48,neutral,event_boundary
sub-cs43,254.24,neutral,event_boundary
sub-cs43,256.12,neutral,event_boundary
sub-cs43,261.6,neutral,event_boundary
sub-cs43,264.84,neutral,event_boundary
sub-cs43,266.68,neutral,event_boundary
sub-cs43,269.24,neutral,event_boundary
sub-cs43,273.04,neutral,event_boundary
sub-cs43,277.28,neutral,event_boundary
sub-cs43,281.28,neutral,event_boundary
sub-cs43,284.56,neutral,event_boundary
sub-cs43,288.76,neutral,event_boundary
sub-cs43,291.44,neutral,event_boundary
sub-cs43,307.88,neutral,event_boundary
sub-cs43,314.48,neutral,event_boundary
sub-cs43,328.52,neutral,event_boundary
sub-cs43,340.76,neutral,event_boundary
sub-cs43,346.2,neutral,event_boundary
sub-cs43,350.0,neutral,event_boundary
sub-cs43,357.84,neutral,event_boundary
sub-cs43,360.0,neutral,event_boundary
sub-cs43,362.56,neutral,event_boundary
sub-cs43,364.92,neutral,event_boundary
sub-cs43,367.76,neutral,event_boundary
sub-cs43,369.44,neutral,event_boundary
sub-cs43,371.64,neutral,event_boundary
sub-cs43,389.64,neutral,event_boundary
sub-cs43,407.88,neutral,event_boundary
sub-cs43,409.72,neutral,event_boundary
sub-cs43,419.04,neutral,event_boundary
sub-cs43,420.24,neutral,event_boundary
sub-cs43,424.36,neutral,event_boundary
sub-cs43,427.64,neutral,event_boundary
sub-cs43,428.72,neutral,event_boundary
sub-cs43,431.52,neutral,event_boundary
sub-cs43,433.48,neutral,event_boundary
sub-cs43,435.0,neutral,event_boundary
sub-cs43,437.52,neutral,event_boundary
sub-cs43,439.6,neutral,event_boundary
sub-cs43,442.28,neutral,event_boundary
sub-cs43,445.24,neutral,event_boundary
sub-cs43,450.04,neutral,event_boundary
sub-cs43,451.4,neutral,event_boundary
sub-cs43,453.04,neutral,event_boundary
sub-cs43,453.88,neutral,event_boundary
sub-cs43,456.44,neutral,event_boundary
sub-cs43,456.96,neutral,event_boundary
sub-cs43,459.32,neutral,event_boundary
sub-cs43,475.44,neutral,event_boundary
sub-cs44,0.0,neutral,event_boundary
sub-cs44,4.72,neutral,event_boundary
sub-cs44,15.0,neutral,event_boundary
sub-cs44,16.72,neutral,event_boundary
sub-cs44,19.08,neutral,event_boundary
sub-cs44,21.72,neutral,event_boundary
sub-cs44,25.08,neutral,event_boundary
sub-cs44,27.08,neutral,event_boundary
sub-cs44,37.64,neutral,event_boundary
sub-cs44,46.16,neutral,event_boundary
sub-cs44,66.28,neutral,event_boundary
sub-cs44,66.8,neutral,event_boundary
sub-cs44,90.16,neutral,event_boundary
sub-cs44,92.72,neutral,event_boundary
sub-cs44,94.88,neutral,event_boundary
sub-cs44,99.32,neutral,event_boundary
sub-cs44,103.64,neutral,event_boundary
sub-cs44,108.28,neutral,event_boundary
sub-cs44,113.44,neutral,event_boundary
sub-cs44,115.0,neutral,event_boundary
sub-cs44,117.96,neutral,event_boundary
sub-cs44,120.0,neutral,event_boundary
sub-cs44,121.88,neutral,event_boundary
sub-cs44,126.52,neutral,event_boundary
sub-cs44,129.2,neutral,event_boundary
sub-cs44,137.56,neutral,event_boundary
sub-cs44,140.36,neutral,event_boundary
sub-cs44,143.36,neutral,event_boundary
sub-cs44,145.24,neutral,event_boundary
sub-cs44,147.88,neutral,event_boundary
sub-cs44,149.4,neutral,event_boundary
sub-cs44,150.76,neutral,event_boundary
sub-cs44,153.4,neutral,event_boundary
sub-cs44,153.92,neutral,event_boundary
sub-cs44,159.08,neutral,event_boundary
sub-cs44,161.16,neutral,event_boundary
sub-cs44,163.08,neutral,event_boundary
sub-cs44,167.28,neutral,event_boundary
sub-cs44,169.04,neutral,event_boundary
sub-cs44,170.68,neutral,event_boundary
sub-cs44,171.84,neutral,event_boundary
sub-cs44,173.48,neutral,event_boundary
sub-cs44,184.92,neutral,event_boundary
sub-cs44,211.6,neutral,event_boundary
sub-cs44,217.48,neutral,event_boundary
sub-cs44,254.24,neutral,event_boundary
sub-cs44,256.12,neutral,event_boundary
sub-cs44,261.6,neutral,event_boundary
sub-cs44,264.84,neutral,event_boundary
sub-cs44,266.68,neutral,event_boundary
sub-cs44,269.24,neutral,event_boundary
sub-cs44,273.04,neutral,event_boundary
sub-cs44,277.28,neutral,event_boundary
sub-cs44,281.28,neutral,event_boundary
sub-cs44,284.56,neutral,event_boundary
sub-cs44,288.76,neutral,event_boundary
sub-cs44,291.44,neutral,event_boundary
sub-cs44,307.88,neutral,event_boundary
sub-cs44,314.48,neutral,event_boundary
sub-cs44,328.52,neutral,event_boundary
sub-cs44,340.76,neutral,event_boundary
sub-cs44,346.2,neutral,event_boundary
sub-cs44,350.0,neutral,event_boundary
sub-cs44,357.84,neutral,event_boundary
sub-cs44,360.0,neutral,event_boundary
sub-cs44,362.56,neutral,event_boundary
sub-cs44,364.92,neutral,event_boundary
sub-cs44,367.76,neutral,event_boundary
sub-cs44,369.44,neutral,event_boundary
sub-cs44,371.64,neutral,event_boundary
sub-cs44,389.64,neutral,event_boundary
sub-cs44,407.88,neutral,event_boundary
sub-cs44,409.72,neutral,event_boundary
sub-cs44,419.04,neutral,event_boundary
sub-cs44,420.24,neutral,event_boundary
sub-cs44,424.36,neutral,event_boundary
sub-cs44,427.64,neutral,event_boundary
sub-cs44,428.72,neutral,event_boundary
sub-cs44,431.52,neutral,event_boundary
sub-cs44,433.48,neutral,event_boundary
sub-cs44,435.0,neutral,event_boundary
sub-cs44,437.52,neutral,event_boundary
sub-cs44,439.6,neutral,event_boundary
sub-cs44,442.28,neutral,event_boundary
sub-cs44,445.24,neutral,event_boundary
sub-cs44,450.04,neutral,event_boundary
sub-cs44,451.4,neutral,event_boundary
sub-cs44,453.04,neutral,event_boundary
sub-cs44,453.88,neutral,event_boundary
sub-cs44,456.44,neutral,event_boundary
sub-cs44,456.96,neutral,event_boundary
sub-cs44,459.32,neutral,event_boundary
sub-cs44,475.44,neutral,event_boundary
sub-cs47,0.0,neutral,event_boundary
sub-cs47,4.72,neutral,event_boundary
sub-cs47,15.0,neutral,event_boundary
sub-cs47,16.72,neutral,event_boundary
sub-cs47,19.08,neutral,event_boundary
sub-cs47,21.72,neutral,event_boundary
sub-cs47,25.08,neutral,event_boundary
sub-cs47,27.08,neutral,event_boundary
sub-cs47,37.64,neutral,event_boundary
sub-cs47,46.16,neutral,event_boundary
sub-cs47,66.28,neutral,event_boundary
sub-cs47,66.8,neutral,event_boundary
sub-cs47,90.16,neutral,event_boundary
sub-cs47,92.72,neutral,event_boundary
sub-cs47,94.88,neutral,event_boundary
sub-cs47,99.32,neutral,event_boundary
sub-cs47,103.64,neutral,event_boundary
sub-cs47,108.28,neutral,event_boundary
sub-cs47,113.44,neutral,event_boundary
sub-cs47,115.0,neutral,event_boundary
sub-cs47,117.96,neutral,event_boundary
sub-cs47,120.0,neutral,event_boundary
sub-cs47,121.88,neutral,event_boundary
sub-cs47,126.52,neutral,event_boundary
sub-cs47,129.2,neutral,event_boundary
sub-cs47,137.56,neutral,event_boundary
sub-cs47,140.36,neutral,event_boundary
sub-cs47,143.36,neutral,event_boundary
sub-cs47,145.24,neutral,event_boundary
sub-cs47,147.88,neutral,event_boundary
sub-cs47,149.4,neutral,event_boundary
sub-cs47,150.76,neutral,event_boundary
sub-cs47,153.4,neutral,event_boundary
sub-cs47,153.92,neutral,event_boundary
sub-cs47,159.08,neutral,event_boundary
sub-cs47,161.16,neutral,event_boundary
sub-cs47,163.08,neutral,event_boundary
sub-cs47,167.28,neutral,event_boundary
sub-cs47,169.04,neutral,event_boundary
sub-cs47,170.68,neutral,event_boundary
sub-cs47,171.84,neutral,event_boundary
sub-cs47,173.48,neutral,event_boundary
sub-cs47,184.92,neutral,event_boundary
sub-cs47,211.6,neutral,event_boundary
sub-cs47,217.48,neutral,event_boundary
sub-cs47,254.24,neutral,event_boundary
sub-cs47,256.12,neutral,event_boundary
sub-cs47,261.6,neutral,event_boundary
sub-cs47,264.84,neutral,event_boundary
sub-cs47,266.68,neutral,event_boundary
sub-cs47,269.24,neutral,event_boundary
sub-cs47,273.04,neutral,event_boundary
sub-cs47,277.28,neutral,event_boundary
sub-cs47,281.28,neutral,event_boundary
sub-cs47,284.56,neutral,event_boundary
sub-cs47,288.76,neutral,event_boundary
sub-cs47,291.44,neutral,event_boundary
sub-cs47,307.88,neutral,event_boundary
sub-cs47,314.48,neutral,event_boundary
sub-cs47,328.52,neutral,event_boundary
sub-cs47,340.76,neutral,event_boundary
sub-cs47,346.2,neutral,event_boundary
sub-cs47,350.0,neutral,event_boundary
sub-cs47,357.84,neutral,event_boundary
sub-cs47,360.0,neutral,event_boundary
sub-cs47,362.56,neutral,event_boundary
sub-cs47,364.92,neutral,event_boundary
sub-cs47,367.76,neutral,event_boundary
sub-cs47,369.44,neutral,event_boundary
sub-cs47,371.64,neutral,event_boundary
sub-cs47,389.64,neutral,event_boundary
sub-cs47,407.88,neutral,event_boundary
sub-cs47,409.72,neutral,event_boundary
sub-cs47,419.04,neutral,event_boundary
sub-cs47,420.24,neutral,event_boundary
sub-cs47,424.36,neutral,event_boundary
sub-cs47,427.64,neutral,event_boundary
sub-cs47,428.72,neutral,event_boundary
sub-cs47,431.52,neutral,event_boundary
sub-cs47,433.48,neutral,event_boundary
sub-cs47,435.0,neutral,event_boundary
sub-cs47,437.52,neutral,event_boundary
sub-cs47,439.6,neutral,event_boundary
sub-cs47,442.28,neutral,event_boundary
sub-cs47,445.24,neutral,event_boundary
sub-cs47,450.04,neutral,event_boundary
sub-cs47,451.4,neutral,event_boundary
sub-cs47,453.04,neutral,event_boundary
sub-cs47,453.88,neutral,event_boundary
sub-cs47,456.44,neutral,event_boundary
sub-cs47,456.96,neutral,event_boundary
sub-cs47,459.32,neutral,event_boundary
sub-cs47,475.44,neutral,event_boundary
sub-cs48,0.0,neutral,event_boundary
sub-cs48,4.72,neutral,event_boundary
sub-cs48,15.0,neutral,event_boundary
sub-cs48,16.72,neutral,event_boundary
sub-cs48,19.08,neutral,event_boundary
sub-cs48,21.72,neutral,event_boundary
sub-cs48,25.08,neutral,event_boundary
sub-cs48,27.08,neutral,event_boundary
sub-cs48,37.64,neutral,event_boundary
sub-cs48,46.16,neutral,event_boundary
sub-cs48,66.28,neutral,event_boundary
sub-cs48,66.8,neutral,event_boundary
sub-cs48,90.16,neutral,event_boundary
sub-cs48,92.72,neutral,event_boundary
sub-cs48,94.88,neutral,event_boundary
sub-cs48,99.32,neutral,event_boundary
sub-cs48,103.64,neutral,event_boundary
sub-cs48,108.28,neutral,event_boundary
sub-cs48,113.44,neutral,event_boundary
sub-cs48,115.0,neutral,event_boundary
sub-cs48,117.96,neutral,event_boundary
sub-cs48,120.0,neutral,event_boundary
sub-cs48,121.88,neutral,event_boundary
sub-cs48,126.52,neutral,event_boundary
sub-cs48,129.2,neutral,event_boundary
sub-cs48,137.56,neutral,event_boundary
sub-cs48,140.36,neutral,event_boundary
sub-cs48,143.36,neutral,event_boundary
sub-cs48,145.24,neutral,event_boundary
sub-cs48,147.88,neutral,event_boundary
sub-cs48,149.4,neutral,event_boundary
sub-cs48,150.76,neutral,event_boundary
sub-cs48,153.4,neutral,event_boundary
sub-cs48,153.92,neutral,event_boundary
sub-cs48,159.08,neutral,event_boundary
sub-cs48,161.16,neutral,event_boundary
sub-cs48,163.08,neutral,event_boundary
sub-cs48,167.28,neutral,event_boundary
sub-cs48,169.04,neutral,event_boundary
sub-cs48,170.68,neutral,event_boundary
sub-cs48,171.84,neutral,event_boundary
sub-cs48,173.48,neutral,event_boundary
sub-cs48,184.92,neutral,event_boundary
sub-cs48,211.6,neutral,event_boundary
sub-cs48,217.48,neutral,event_boundary
sub-cs48,254.24,neutral,event_boundary
sub-cs48,256.12,neutral,event_boundary
sub-cs48,261.6,neutral,event_boundary
sub-cs48,264.84,neutral,event_boundary
sub-cs48,266.68,neutral,event_boundary
sub-cs48,269.24,neutral,event_boundary
sub-cs48,273.04,neutral,event_boundary
sub-cs48,277.28,neutral,event_boundary
sub-cs48,281.28,neutral,event_boundary
sub-cs48,284.56,neutral,event_boundary
sub-cs48,288.76,neutral,event_boundary
sub-cs48,291.44,neutral,event_boundary
sub-cs48,307.88,neutral,event_boundary
sub-cs48,314.48,neutral,event_boundary
sub-cs48,328.52,neutral,event_boundary
sub-cs48,340.76,neutral,event_boundary
sub-cs48,346.2,neutral,event_boundary
sub-cs48,350.0,neutral,event_boundary
sub-cs48,357.84,neutral,event_boundary
sub-cs48,360.0,neutral,event_boundary
sub-cs48,362.56,neutral,event_boundary
sub-cs48,364.92,neutral,event_boundary
sub-cs48,367.76,neutral,event_boundary
sub-cs48,369.44,neutral,event_boundary
sub-cs48,371.64,neutral,event_boundary
sub-cs48,389.64,neutral,event_boundary
sub-cs48,407.88,neutral,event_boundary
sub-cs48,409.72,neutral,event_boundary
sub-cs48,419.04,neutral,event_boundary
sub-cs48,420.24,neutral,event_boundary
sub-cs48,424.36,neutral,event_boundary
sub-cs48,427.64,neutral,event_boundary
sub-cs48,428.72,neutral,event_boundary
sub-cs48,431.52,neutral,event_boundary
sub-cs48,433.48,neutral,event_boundary
sub-cs48,435.0,neutral,event_boundary
sub-cs48,437.52,neutral,event_boundary
sub-cs48,439.6,neutral,event_boundary
sub-cs48,442.28,neutral,event_boundary
sub-cs48,445.24,neutral,event_boundary
sub-cs48,450.04,neutral,event_boundary
sub-cs48,451.4,neutral,event_boundary
sub-cs48,453.04,neutral,event_boundary
sub-cs48,453.88,neutral,event_boundary
sub-cs48,456.44,neutral,event_boundary
sub-cs48,456.96,neutral,event_boundary
sub-cs48,459.32,neutral,event_boundary
sub-cs48,475.44,neutral,event_boundary
sub-cs49,0.0,neutral,event_boundary
sub-cs49,4.72,neutral,event_boundary
sub-cs49,15.0,neutral,event_boundary
sub-cs49,16.72,neutral,event_boundary
sub-cs49,19.08,neutral,event_boundary
sub-cs49,21.72,neutral,event_boundary
sub-cs49,25.08,neutral,event_boundary
sub-cs49,27.08,neutral,event_boundary
sub-cs49,37.64,neutral,event_boundary
sub-cs49,46.16,neutral,event_boundary
sub-cs49,66.28,neutral,event_boundary
sub-cs49,66.8,neutral,event_boundary
sub-cs49,90.16,neutral,event_boundary
sub-cs49,92.72,neutral,event_boundary
sub-cs49,94.88,neutral,event_boundary
sub-cs49,99.32,neutral,event_boundary
sub-cs49,103.64,neutral,event_boundary
sub-cs49,108.28,neutral,event_boundary
sub-cs49,113.44,neutral,event_boundary
sub-cs49,115.0,neutral,event_boundary
sub-cs49,117.96,neutral,event_boundary
sub-cs49,120.0,neutral,event_boundary
sub-cs49,121.88,neutral,event_boundary
sub-cs49,126.52,neutral,event_boundary
sub-cs49,129.2,neutral,event_boundary
sub-cs49,137.56,neutral,event_boundary
sub-cs49,140.36,neutral,event_boundary
sub-cs49,143.36,neutral,event_boundary
sub-cs49,145.24,neutral,event_boundary
sub-cs49,147.88,neutral,event_boundary
sub-cs49,149.4,neutral,event_boundary
sub-cs49,150.76,neutral,event_boundary
sub-cs49,153.4,neutral,event_boundary
sub-cs49,153.92,neutral,event_boundary
sub-cs49,159.08,neutral,event_boundary
sub-cs49,161.16,neutral,event_boundary
sub-cs49,163.08,neutral,event_boundary
sub-cs49,167.28,neutral,event_boundary
sub-cs49,169.04,neutral,event_boundary
sub-cs49,170.68,neutral,event_boundary
sub-cs49,171.84,neutral,event_boundary
sub-cs49,173.48,neutral,event_boundary
sub-cs49,184.92,neutral,event_boundary
sub-cs49,211.6,neutral,event_boundary
sub-cs49,217.48,neutral,event_boundary
sub-cs49,254.24,neutral,event_boundary
sub-cs49,256.12,neutral,event_boundary
sub-cs49,261.6,neutral,event_boundary
sub-cs49,264.84,neutral,event_boundary
sub-cs49,266.68,neutral,event_boundary
sub-cs49,269.24,neutral,event_boundary
sub-cs49,273.04,neutral,event_boundary
sub-cs49,277.28,neutral,event_boundary
sub-cs49,281.28,neutral,event_boundary
sub-cs49,284.56,neutral,event_boundary
sub-cs49,288.76,neutral,event_boundary
sub-cs49,291.44,neutral,event_boundary
sub-cs49,307.88,neutral,event_boundary
sub-cs49,314.48,neutral,event_boundary
sub-cs49,328.52,neutral,event_boundary
sub-cs49,340.76,neutral,event_boundary
sub-cs49,346.2,neutral,event_boundary
sub-cs49,350.0,neutral,event_boundary
sub-cs49,357.84,neutral,event_boundary
sub-cs49,360.0,neutral,event_boundary
sub-cs49,362.56,neutral,event_boundary
sub-cs49,364.92,neutral,event_boundary
sub-cs49,367.76,neutral,event_boundary
sub-cs49,369.44,neutral,event_boundary
sub-cs49,371.64,neutral,event_boundary
sub-cs49,389.64,neutral,event_boundary
sub-cs49,407.88,neutral,event_boundary
sub-cs49,409.72,neutral,event_boundary
sub-cs49,419.04,neutral,event_boundary
sub-cs49,420.24,neutral,event_boundary
sub-cs49,424.36,neutral,event_boundary
sub-cs49,427.64,neutral,event_boundary
sub-cs49,428.72,neutral,event_boundary
sub-cs49,431.52,neutral,event_boundary
sub-cs49,433.48,neutral,event_boundary
sub-cs49,435.0,neutral,event_boundary
sub-cs49,437.52,neutral,event_boundary
sub-cs49,439.6,neutral,event_boundary
sub-cs49,442.28,neutral,event_boundary
sub-cs49,445.24,neutral,event_boundary
sub-cs49,450.04,neutral,event_boundary
sub-cs49,451.4,neutral,event_boundary
sub-cs49,453.04,neutral,event_boundary
sub-cs49,453.88,neutral,event_boundary
sub-cs49,456.44,neutral,event_boundary
sub-cs49,456.96,neutral,event_boundary
sub-cs49,459.32,neutral,event_boundary
sub-cs49,475.44,neutral,event_boundary
sub-cs51,0.0,neutral,event_boundary
sub-cs51,4.72,neutral,event_boundary
sub-cs51,15.0,neutral,event_boundary
sub-cs51,16.72,neutral,event_boundary
sub-cs51,19.08,neutral,event_boundary
sub-cs51,21.72,neutral,event_boundary
sub-cs51,25.08,neutral,event_boundary
sub-cs51,27.08,neutral,event_boundary
sub-cs51,37.64,neutral,event_boundary
sub-cs51,46.16,neutral,event_boundary
sub-cs51,66.28,neutral,event_boundary
sub-cs51,66.8,neutral,event_boundary
sub-cs51,90.16,neutral,event_boundary
sub-cs51,92.72,neutral,event_boundary
sub-cs51,94.88,neutral,event_boundary
sub-cs51,99.32,neutral,event_boundary
sub-cs51,103.64,neutral,event_boundary
sub-cs51,108.28,neutral,event_boundary
sub-cs51,113.44,neutral,event_boundary
sub-cs51,115.0,neutral,event_boundary
sub-cs51,117.96,neutral,event_boundary
sub-cs51,120.0,neutral,event_boundary
sub-cs51,121.88,neutral,event_boundary
sub-cs51,126.52,neutral,event_boundary
sub-cs51,129.2,neutral,event_boundary
sub-cs51,137.56,neutral,event_boundary
sub-cs51,140.36,neutral,event_boundary
sub-cs51,143.36,neutral,event_boundary
sub-cs51,145.24,neutral,event_boundary
sub-cs51,147.88,neutral,event_boundary
sub-cs51,149.4,neutral,event_boundary
sub-cs51,150.76,neutral,event_boundary
sub-cs51,153.4,neutral,event_boundary
sub-cs51,153.92,neutral,event_boundary
sub-cs51,159.08,neutral,event_boundary
sub-cs51,161.16,neutral,event_boundary
sub-cs51,163.08,neutral,event_boundary
sub-cs51,167.28,neutral,event_boundary
sub-cs51,169.04,neutral,event_boundary
sub-cs51,170.68,neutral,event_boundary
sub-cs51,171.84,neutral,event_boundary
sub-cs51,173.48,neutral,event_boundary
sub-cs51,184.92,neutral,event_boundary
sub-cs51,211.6,neutral,event_boundary
sub-cs51,217.48,neutral,event_boundary
sub-cs51,254.24,neutral,event_boundary
sub-cs51,256.12,neutral,event_boundary
sub-cs51,261.6,neutral,event_boundary
sub-cs51,264.84,neutral,event_boundary
sub-cs51,266.68,neutral,event_boundary
sub-cs51,269.24,neutral,event_boundary
sub-cs51,273.04,neutral,event_boundary
sub-cs51,277.28,neutral,event_boundary
sub-cs51,281.28,neutral,event_boundary
sub-cs51,284.56,neutral,event_boundary
sub-cs51,288.76,neutral,event_boundary
sub-cs51,291.44,neutral,event_boundary
sub-cs51,307.88,neutral,event_boundary
sub-cs51,314.48,neutral,event_boundary
sub-cs51,328.52,neutral,event_boundary
sub-cs51,340.76,neutral,event_boundary
sub-cs51,346.2,neutral,event_boundary
sub-cs51,350.0,neutral,event_boundary
sub-cs51,357.84,neutral,event_boundary
sub-cs51,360.0,neutral,event_boundary
sub-cs51,362.56,neutral,event_boundary
sub-cs51,364.92,neutral,event_boundary
sub-cs51,367.76,neutral,event_boundary
sub-cs51,369.44,neutral,event_boundary
sub-cs51,371.64,neutral,event_boundary
sub-cs51,389.64,neutral,event_boundary
sub-cs51,407.88,neutral,event_boundary
sub-cs51,409.72,neutral,event_boundary
sub-cs51,419.04,neutral,event_boundary
sub-cs51,420.24,neutral,event_boundary
sub-cs51,424.36,neutral,event_boundary
sub-cs51,427.64,neutral,event_boundary
sub-cs51,428.72,neutral,event_boundary
sub-cs51,431.52,neutral,event_boundary
sub-cs51,433.48,neutral,event_boundary
sub-cs51,435.0,neutral,event_boundary
sub-cs51,437.52,neutral,event_boundary
sub-cs51,439.6,neutral,event_boundary
sub-cs51,442.28,neutral,event_boundary
sub-cs51,445.24,neutral,event_boundary
sub-cs51,450.04,neutral,event_boundary
sub-cs51,451.4,neutral,event_boundary
sub-cs51,453.04,neutral,event_boundary
sub-cs51,453.88,neutral,event_boundary
sub-cs51,456.44,neutral,event_boundary
sub-cs51,456.96,neutral,event_boundary
sub-cs51,459.32,neutral,event_boundary
sub-cs51,475.44,neutral,event_boundary
sub-cs53,0.0,neutral,event_boundary
sub-cs53,4.72,neutral,event_boundary
sub-cs53,15.0,neutral,event_boundary
sub-cs53,16.72,neutral,event_boundary
sub-cs53,19.08,neutral,event_boundary
sub-cs53,21.72,neutral,event_boundary
sub-cs53,25.08,neutral,event_boundary
sub-cs53,27.08,neutral,event_boundary
sub-cs53,37.64,neutral,event_boundary
sub-cs53,46.16,neutral,event_boundary
sub-cs53,66.28,neutral,event_boundary
sub-cs53,66.8,neutral,event_boundary
sub-cs53,90.16,neutral,event_boundary
sub-cs53,92.72,neutral,event_boundary
sub-cs53,94.88,neutral,event_boundary
sub-cs53,99.32,neutral,event_boundary
sub-cs53,103.64,neutral,event_boundary
sub-cs53,108.28,neutral,event_boundary
sub-cs53,113.44,neutral,event_boundary
sub-cs53,115.0,neutral,event_boundary
sub-cs53,117.96,neutral,event_boundary
sub-cs53,120.0,neutral,event_boundary
sub-cs53,121.88,neutral,event_boundary
sub-cs53,126.52,neutral,event_boundary
sub-cs53,129.2,neutral,event_boundary
sub-cs53,137.56,neutral,event_boundary
sub-cs53,140.36,neutral,event_boundary
sub-cs53,143.36,neutral,event_boundary
sub-cs53,145.24,neutral,event_boundary
sub-cs53,147.88,neutral,event_boundary
sub-cs53,149.4,neutral,event_boundary
sub-cs53,150.76,neutral,event_boundary
sub-cs53,153.4,neutral,event_boundary
sub-cs53,153.92,neutral,event_boundary
sub-cs53,159.08,neutral,event_boundary
sub-cs53,161.16,neutral,event_boundary
sub-cs53,163.08,neutral,event_boundary
sub-cs53,167.28,neutral,event_boundary
sub-cs53,169.04,neutral,event_boundary
sub-cs53,170.68,neutral,event_boundary
sub-cs53,171.84,neutral,event_boundary
sub-cs53,173.48,neutral,event_boundary
sub-cs53,184.92,neutral,event_boundary
sub-cs53,211.6,neutral,event_boundary
sub-cs53,217.48,neutral,event_boundary
sub-cs53,254.24,neutral,event_boundary
sub-cs53,256.12,neutral,event_boundary
sub-cs53,261.6,neutral,event_boundary
sub-cs53,264.84,neutral,event_boundary
sub-cs53,266.68,neutral,event_boundary
sub-cs53,269.24,neutral,event_boundary
sub-cs53,273.04,neutral,event_boundary
sub-cs53,277.28,neutral,event_boundary
sub-cs53,281.28,neutral,event_boundary
sub-cs53,284.56,neutral,event_boundary
sub-cs53,288.76,neutral,event_boundary
sub-cs53,291.44,neutral,event_boundary
sub-cs53,307.88,neutral,event_boundary
sub-cs53,314.48,neutral,event_boundary
sub-cs53,328.52,neutral,event_boundary
sub-cs53,340.76,neutral,event_boundary
sub-cs53,346.2,neutral,event_boundary
sub-cs53,350.0,neutral,event_boundary
sub-cs53,357.84,neutral,event_boundary
sub-cs53,360.0,neutral,event_boundary
sub-cs53,362.56,neutral,event_boundary
sub-cs53,364.92,neutral,event_boundary
sub-cs53,367.76,neutral,event_boundary
sub-cs53,369.44,neutral,event_boundary
sub-cs53,371.64,neutral,event_boundary
sub-cs53,389.64,neutral,event_boundary
sub-cs53,407.88,neutral,event_boundary
sub-cs53,409.72,neutral,event_boundary
sub-cs53,419.04,neutral,event_boundary
sub-cs53,420.24,neutral,event_boundary
sub-cs53,424.36,neutral,event_boundary
sub-cs53,427.64,neutral,event_boundary
sub-cs53,428.72,neutral,event_boundary
sub-cs53,431.52,neutral,event_boundary
sub-cs53,433.48,neutral,event_boundary
sub-cs53,435.0,neutral,event_boundary
sub-cs53,437.52,neutral,event_boundary
sub-cs53,439.6,neutral,event_boundary
sub-cs53,442.28,neutral,event_boundary
sub-cs53,445.24,neutral,event_boundary
sub-cs53,450.04,neutral,event_boundary
sub-cs53,451.4,neutral,event_boundary
sub-cs53,453.04,neutral,event_boundary
sub-cs53,453.88,neutral,event_boundary
sub-cs53,456.44,neutral,event_boundary
sub-cs53,456.96,neutral,event_boundary
sub-cs53,459.32,neutral,event_boundary
sub-cs53,475.44,neutral,event_boundary
sub-cs54,0.0,neutral,event_boundary
sub-cs54,4.72,neutral,event_boundary
sub-cs54,15.0,neutral,event_boundary
sub-cs54,16.72,neutral,event_boundary
sub-cs54,19.08,neutral,event_boundary
sub-cs54,21.72,neutral,event_boundary
sub-cs54,25.08,neutral,event_boundary
sub-cs54,27.08,neutral,event_boundary
sub-cs54,37.64,neutral,event_boundary
sub-cs54,46.16,neutral,event_boundary
sub-cs54,66.28,neutral,event_boundary
sub-cs54,66.8,neutral,event_boundary
sub-cs54,90.16,neutral,event_boundary
sub-cs54,92.72,neutral,event_boundary
sub-cs54,94.88,neutral,event_boundary
sub-cs54,99.32,neutral,event_boundary
sub-cs54,103.64,neutral,event_boundary
sub-cs54,108.28,neutral,event_boundary
sub-cs54,113.44,neutral,event_boundary
sub-cs54,115.0,neutral,event_boundary
sub-cs54,117.96,neutral,event_boundary
sub-cs54,120.0,neutral,event_boundary
sub-cs54,121.88,neutral,event_boundary
sub-cs54,126.52,neutral,event_boundary
sub-cs54,129.2,neutral,event_boundary
sub-cs54,137.56,neutral,event_boundary
sub-cs54,140.36,neutral,event_boundary
sub-cs54,143.36,neutral,event_boundary
sub-cs54,145.24,neutral,event_boundary
sub-cs54,147.88,neutral,event_boundary
sub-cs54,149.4,neutral,event_boundary
sub-cs54,150.76,neutral,event_boundary
sub-cs54,153.4,neutral,event_boundary
sub-cs54,153.92,neutral,event_boundary
sub-cs54,159.08,neutral,event_boundary
sub-cs54,161.16,neutral,event_boundary
sub-cs54,163.08,neutral,event_boundary
sub-cs54,167.28,neutral,event_boundary
sub-cs54,169.04,neutral,event_boundary
sub-cs54,170.68,neutral,event_boundary
sub-cs54,171.84,neutral,event_boundary
sub-cs54,173.48,neutral,event_boundary
sub-cs54,184.92,neutral,event_boundary
sub-cs54,211.6,neutral,event_boundary
sub-cs54,217.48,neutral,event_boundary
sub-cs54,254.24,neutral,event_boundary
sub-cs54,256.12,neutral,event_boundary
sub-cs54,261.6,neutral,event_boundary
sub-cs54,264.84,neutral,event_boundary
sub-cs54,266.68,neutral,event_boundary
sub-cs54,269.24,neutral,event_boundary
sub-cs54,273.04,neutral,event_boundary
sub-cs54,277.28,neutral,event_boundary
sub-cs54,281.28,neutral,event_boundary
sub-cs54,284.56,neutral,event_boundary
sub-cs54,288.76,neutral,event_boundary
sub-cs54,291.44,neutral,event_boundary
sub-cs54,307.88,neutral,event_boundary
sub-cs54,314.48,neutral,event_boundary
sub-cs54,328.52,neutral,event_boundary
sub-cs54,340.76,neutral,event_boundary
sub-cs54,346.2,neutral,event_boundary
sub-cs54,350.0,neutral,event_boundary
sub-cs54,357.84,neutral,event_boundary
sub-cs54,360.0,neutral,event_boundary
sub-cs54,362.56,neutral,event_boundary
sub-cs54,364.92,neutral,event_boundary
sub-cs54,367.76,neutral,event_boundary
sub-cs54,369.44,neutral,event_boundary
sub-cs54,371.64,neutral,event_boundary
sub-cs54,389.64,neutral,event_boundary
sub-cs54,407.88,neutral,event_boundary
sub-cs54,409.72,neutral,event_boundary
sub-cs54,419.04,neutral,event_boundary
sub-cs54,420.24,neutral,event_boundary
sub-cs54,424.36,neutral,event_boundary
sub-cs54,427.64,neutral,event_boundary
sub-cs54,428.72,neutral,event_boundary
sub-cs54,431.52,neutral,event_boundary
sub-cs54,433.48,neutral,event_boundary
sub-cs54,435.0,neutral,event_boundary
sub-cs54,437.52,neutral,event_boundary
sub-cs54,439.6,neutral,event_boundary
sub-cs54,442.28,neutral,event_boundary
sub-cs54,445.24,neutral,event_boundary
sub-cs54,450.04,neutral,event_boundary
sub-cs54,451.4,neutral,event_boundary
sub-cs54,453.04,neutral,event_boundary
sub-cs54,453.88,neutral,event_boundary
sub-cs54,456.44,neutral,event_boundary
sub-cs54,456.96,neutral,event_boundary
sub-cs54,459.32,neutral,event_boundary
sub-cs54,475.44,neutral,event_boundary
sub-cs55,0.0,neutral,event_boundary
sub-cs55,4.72,neutral,event_boundary
sub-cs55,15.0,neutral,event_boundary
sub-cs55,16.72,neutral,event_boundary
sub-cs55,19.08,neutral,event_boundary
sub-cs55,21.72,neutral,event_boundary
sub-cs55,25.08,neutral,event_boundary
sub-cs55,27.08,neutral,event_boundary
sub-cs55,37.64,neutral,event_boundary
sub-cs55,46.16,neutral,event_boundary
sub-cs55,66.28,neutral,event_boundary
sub-cs55,66.8,neutral,event_boundary
sub-cs55,90.16,neutral,event_boundary
sub-cs55,92.72,neutral,event_boundary
sub-cs55,94.88,neutral,event_boundary
sub-cs55,99.32,neutral,event_boundary
sub-cs55,103.64,neutral,event_boundary
sub-cs55,108.28,neutral,event_boundary
sub-cs55,113.44,neutral,event_boundary
sub-cs55,115.0,neutral,event_boundary
sub-cs55,117.96,neutral,event_boundary
sub-cs55,120.0,neutral,event_boundary
sub-cs55,121.88,neutral,event_boundary
sub-cs55,126.52,neutral,event_boundary
sub-cs55,129.2,neutral,event_boundary
sub-cs55,137.56,neutral,event_boundary
sub-cs55,140.36,neutral,event_boundary
sub-cs55,143.36,neutral,event_boundary
sub-cs55,145.24,neutral,event_boundary
sub-cs55,147.88,neutral,event_boundary
sub-cs55,149.4,neutral,event_boundary
sub-cs55,150.76,neutral,event_boundary
sub-cs55,153.4,neutral,event_boundary
sub-cs55,153.92,neutral,event_boundary
sub-cs55,159.08,neutral,event_boundary
sub-cs55,161.16,neutral,event_boundary
sub-cs55,163.08,neutral,event_boundary
sub-cs55,167.28,neutral,event_boundary
sub-cs55,169.04,neutral,event_boundary
sub-cs55,170.68,neutral,event_boundary
sub-cs55,171.84,neutral,event_boundary
sub-cs55,173.48,neutral,event_boundary
sub-cs55,184.92,neutral,event_boundary
sub-cs55,211.6,neutral,event_boundary
sub-cs55,217.48,neutral,event_boundary
sub-cs55,254.24,neutral,event_boundary
sub-cs55,256.12,neutral,event_boundary
sub-cs55,261.6,neutral,event_boundary
sub-cs55,264.84,neutral,event_boundary
sub-cs55,266.68,neutral,event_boundary
sub-cs55,269.24,neutral,event_boundary
sub-cs55,273.04,neutral,event_boundary
sub-cs55,277.28,neutral,event_boundary
sub-cs55,281.28,neutral,event_boundary
sub-cs55,284.56,neutral,event_boundary
sub-cs55,288.76,neutral,event_boundary
sub-cs55,291.44,neutral,event_boundary
sub-cs55,307.88,neutral,event_boundary
sub-cs55,314.48,neutral,event_boundary
sub-cs55,328.52,neutral,event_boundary
sub-cs55,340.76,neutral,event_boundary
sub-cs55,346.2,neutral,event_boundary
sub-cs55,350.0,neutral,event_boundary
sub-cs55,357.84,neutral,event_boundary
sub-cs55,360.0,neutral,event_boundary
sub-cs55,362.56,neutral,event_boundary
sub-cs55,364.92,neutral,event_boundary
sub-cs55,367.76,neutral,event_boundary
sub-cs55,369.44,neutral,event_boundary
sub-cs55,371.64,neutral,event_boundary
sub-cs55,389.64,neutral,event_boundary
sub-cs55,407.88,neutral,event_boundary
sub-cs55,409.72,neutral,event_boundary
sub-cs55,419.04,neutral,event_boundary
sub-cs55,420.24,neutral,event_boundary
sub-cs55,424.36,neutral,event_boundary
sub-cs55,427.64,neutral,event_boundary
sub-cs55,428.72,neutral,event_boundary
sub-cs55,431.52,neutral,event_boundary
sub-cs55,433.48,neutral,event_boundary
sub-cs55,435.0,neutral,event_boundary
sub-cs55,437.52,neutral,event_boundary
sub-cs55,439.6,neutral,event_boundary
sub-cs55,442.28,neutral,event_boundary
sub-cs55,445.24,neutral,event_boundary
sub-cs55,450.04,neutral,event_boundary
sub-cs55,451.4,neutral,event_boundary
sub-cs55,453.04,neutral,event_boundary
sub-cs55,453.88,neutral,event_boundary
sub-cs55,456.44,neutral,event_boundary
sub-cs55,456.96,neutral,event_boundary
sub-cs55,459.32,neutral,event_boundary
sub-cs55,475.44,neutral,event_boundary
sub-cs56,0.0,neutral,event_boundary
sub-cs56,4.72,neutral,event_boundary
sub-cs56,15.0,neutral,event_boundary
sub-cs56,16.72,neutral,event_boundary
sub-cs56,19.08,neutral,event_boundary
sub-cs56,21.72,neutral,event_boundary
sub-cs56,25.08,neutral,event_boundary
sub-cs56,27.08,neutral,event_boundary
sub-cs56,37.64,neutral,event_boundary
sub-cs56,46.16,neutral,event_boundary
sub-cs56,66.28,neutral,event_boundary
sub-cs56,66.8,neutral,event_boundary
sub-cs56,90.16,neutral,event_boundary
sub-cs56,92.72,neutral,event_boundary
sub-cs56,94.88,neutral,event_boundary
sub-cs56,99.32,neutral,event_boundary
sub-cs56,103.64,neutral,event_boundary
sub-cs56,108.28,neutral,event_boundary
sub-cs56,113.44,neutral,event_boundary
sub-cs56,115.0,neutral,event_boundary
sub-cs56,117.96,neutral,event_boundary
sub-cs56,120.0,neutral,event_boundary
sub-cs56,121.88,neutral,event_boundary
sub-cs56,126.52,neutral,event_boundary
sub-cs56,129.2,neutral,event_boundary
sub-cs56,137.56,neutral,event_boundary
sub-cs56,140.36,neutral,event_boundary
sub-cs56,143.36,neutral,event_boundary
sub-cs56,145.24,neutral,event_boundary
sub-cs56,147.88,neutral,event_boundary
sub-cs56,149.4,neutral,event_boundary
sub-cs56,150.76,neutral,event_boundary
sub-cs56,153.4,neutral,event_boundary
sub-cs56,153.92,neutral,event_boundary
sub-cs56,159.08,neutral,event_boundary
sub-cs56,161.16,neutral,event_boundary
sub-cs56,163.08,neutral,event_boundary
sub-cs56,167.28,neutral,event_boundary
sub-cs56,169.04,neutral,event_boundary
sub-cs56,170.68,neutral,event_boundary
sub-cs56,171.84,neutral,event_boundary
sub-cs56,173.48,neutral,event_boundary
sub-cs56,184.92,neutral,event_boundary
sub-cs56,211.6,neutral,event_boundary
sub-cs56,217.48,neutral,event_boundary
sub-cs56,254.24,neutral,event_boundary
sub-cs56,256.12,neutral,event_boundary
sub-cs56,261.6,neutral,event_boundary
sub-cs56,264.84,neutral,event_boundary
sub-cs56,266.68,neutral,event_boundary
sub-cs56,269.24,neutral,event_boundary
sub-cs56,273.04,neutral,event_boundary
sub-cs56,277.28,neutral,event_boundary
sub-cs56,281.28,neutral,event_boundary
sub-cs56,284.56,neutral,event_boundary
sub-cs56,288.76,neutral,event_boundary
sub-cs56,291.44,neutral,event_boundary
sub-cs56,307.88,neutral,event_boundary
sub-cs56,314.48,neutral,event_boundary
sub-cs56,328.52,neutral,event_boundary
sub-cs56,340.76,neutral,event_boundary
sub-cs56,346.2,neutral,event_boundary
sub-cs56,350.0,neutral,event_boundary
sub-cs56,357.84,neutral,event_boundary
sub-cs56,360.0,neutral,event_boundary
sub-cs56,362.56,neutral,event_boundary
sub-cs56,364.92,neutral,event_boundary
sub-cs56,367.76,neutral,event_boundary
sub-cs56,369.44,neutral,event_boundary
sub-cs56,371.64,neutral,event_boundary
sub-cs56,389.64,neutral,event_boundary
sub-cs56,407.88,neutral,event_boundary
sub-cs56,409.72,neutral,event_boundary
sub-cs56,419.04,neutral,event_boundary
sub-cs56,420.24,neutral,event_boundary
sub-cs56,424.36,neutral,event_boundary
sub-cs56,427.64,neutral,event_boundary
sub-cs56,428.72,neutral,event_boundary
sub-cs56,431.52,neutral,event_boundary
sub-cs56,433.48,neutral,event_boundary
sub-cs56,435.0,neutral,event_boundary
sub-cs56,437.52,neutral,event_boundary
sub-cs56,439.6,neutral,event_boundary
sub-cs56,442.28,neutral,event_boundary
sub-cs56,445.24,neutral,event_boundary
sub-cs56,450.04,neutral,event_boundary
sub-cs56,451.4,neutral,event_boundary
sub-cs56,453.04,neutral,event_boundary
sub-cs56,453.88,neutral,event_boundary
sub-cs56,456.44,neutral,event_boundary
sub-cs56,456.96,neutral,event_boundary
sub-cs56,459.32,neutral,event_boundary
sub-cs56,475.44,neutral,event_boundary
sub-cs57,0.0,neutral,event_boundary
sub-cs57,4.72,neutral,event_boundary
sub-cs57,15.0,neutral,event_boundary
sub-cs57,16.72,neutral,event_boundary
sub-cs57,19.08,neutral,event_boundary
sub-cs57,21.72,neutral,event_boundary
sub-cs57,25.08,neutral,event_boundary
sub-cs57,27.08,neutral,event_boundary
sub-cs57,37.64,neutral,event_boundary
sub-cs57,46.16,neutral,event_boundary
sub-cs57,66.28,neutral,event_boundary
sub-cs57,66.8,neutral,event_boundary
sub-cs57,90.16,neutral,event_boundary
sub-cs57,92.72,neutral,event_boundary
sub-cs57,94.88,neutral,event_boundary
sub-cs57,99.32,neutral,event_boundary
sub-cs57,103.64,neutral,event_boundary
sub-cs57,108.28,neutral,event_boundary
sub-cs57,113.44,neutral,event_boundary
sub-cs57,115.0,neutral,event_boundary
sub-cs57,117.96,neutral,event_boundary
sub-cs57,120.0,neutral,event_boundary
sub-cs57,121.88,neutral,event_boundary
sub-cs57,126.52,neutral,event_boundary
sub-cs57,129.2,neutral,event_boundary
sub-cs57,137.56,neutral,event_boundary
sub-cs57,140.36,neutral,event_boundary
sub-cs57,143.36,neutral,event_boundary
sub-cs57,145.24,neutral,event_boundary
sub-cs57,147.88,neutral,event_boundary
sub-cs57,149.4,neutral,event_boundary
sub-cs57,150.76,neutral,event_boundary
sub-cs57,153.4,neutral,event_boundary
sub-cs57,153.92,neutral,event_boundary
sub-cs57,159.08,neutral,event_boundary
sub-cs57,161.16,neutral,event_boundary
sub-cs57,163.08,neutral,event_boundary
sub-cs57,167.28,neutral,event_boundary
sub-cs57,169.04,neutral,event_boundary
sub-cs57,170.68,neutral,event_boundary
sub-cs57,171.84,neutral,event_boundary
sub-cs57,173.48,neutral,event_boundary
sub-cs57,184.92,neutral,event_boundary
sub-cs57,211.6,neutral,event_boundary
sub-cs57,217.48,neutral,event_boundary
sub-cs57,254.24,neutral,event_boundary
sub-cs57,256.12,neutral,event_boundary
sub-cs57,261.6,neutral,event_boundary
sub-cs57,264.84,neutral,event_boundary
sub-cs57,266.68,neutral,event_boundary
sub-cs57,269.24,neutral,event_boundary
sub-cs57,273.04,neutral,event_boundary
sub-cs57,277.28,neutral,event_boundary
sub-cs57,281.28,neutral,event_boundary
sub-cs57,284.56,neutral,event_boundary
sub-cs57,288.76,neutral,event_boundary
sub-cs57,291.44,neutral,event_boundary
sub-cs57,307.88,neutral,event_boundary
sub-cs57,314.48,neutral,event_boundary
sub-cs57,328.52,neutral,event_boundary
sub-cs57,340.76,neutral,event_boundary
sub-cs57,346.2,neutral,event_boundary
sub-cs57,350.0,neutral,event_boundary
sub-cs57,357.84,neutral,event_boundary
sub-cs57,360.0,neutral,event_boundary
sub-cs57,362.56,neutral,event_boundary
sub-cs57,364.92,neutral,event_boundary
sub-cs57,367.76,neutral,event_boundary
sub-cs57,369.44,neutral,event_boundary
sub-cs57,371.64,neutral,event_boundary
sub-cs57,389.64,neutral,event_boundary
sub-cs57,407.88,neutral,event_boundary
sub-cs57,409.72,neutral,event_boundary
sub-cs57,419.04,neutral,event_boundary
sub-cs57,420.24,neutral,event_boundary
sub-cs57,424.36,neutral,event_boundary
sub-cs57,427.64,neutral,event_boundary
sub-cs57,428.72,neutral,event_boundary
sub-cs57,431.52,neutral,event_boundary
sub-cs57,433.48,neutral,event_boundary
sub-cs57,435.0,neutral,event_boundary
sub-cs57,437.52,neutral,event_boundary
sub-cs57,439.6,neutral,event_boundary
sub-cs57,442.28,neutral,event_boundary
sub-cs57,445.24,neutral,event_boundary
sub-cs57,450.04,neutral,event_boundary
sub-cs57,451.4,neutral,event_boundary
sub-cs57,453.04,neutral,event_boundary
sub-cs57,453.88,neutral,event_boundary
sub-cs57,456.44,neutral,event_boundary
sub-cs57,456.96,neutral,event_boundary
sub-cs57,459.32,neutral,event_boundary
sub-cs57,475.44,neutral,event_boundary
sub-cs58,0.0,neutral,event_boundary
sub-cs58,4.72,neutral,event_boundary
sub-cs58,15.0,neutral,event_boundary
sub-cs58,16.72,neutral,event_boundary
sub-cs58,19.08,neutral,event_boundary
sub-cs58,21.72,neutral,event_boundary
sub-cs58,25.08,neutral,event_boundary
sub-cs58,27.08,neutral,event_boundary
sub-cs58,37.64,neutral,event_boundary
sub-cs58,46.16,neutral,event_boundary
sub-cs58,66.28,neutral,event_boundary
sub-cs58,66.8,neutral,event_boundary
sub-cs58,90.16,neutral,event_boundary
sub-cs58,92.72,neutral,event_boundary
sub-cs58,94.88,neutral,event_boundary
sub-cs58,99.32,neutral,event_boundary
sub-cs58,103.64,neutral,event_boundary
sub-cs58,108.28,neutral,event_boundary
sub-cs58,113.44,neutral,event_boundary
sub-cs58,115.0,neutral,event_boundary
sub-cs58,117.96,neutral,event_boundary
sub-cs58,120.0,neutral,event_boundary
sub-cs58,121.88,neutral,event_boundary
sub-cs58,126.52,neutral,event_boundary
sub-cs58,129.2,neutral,event_boundary
sub-cs58,137.56,neutral,event_boundary
sub-cs58,140.36,neutral,event_boundary
sub-cs58,143.36,neutral,event_boundary
sub-cs58,145.24,neutral,event_boundary
sub-cs58,147.88,neutral,event_boundary
sub-cs58,149.4,neutral,event_boundary
sub-cs58,150.76,neutral,event_boundary
sub-cs58,153.4,neutral,event_boundary
sub-cs58,153.92,neutral,event_boundary
sub-cs58,159.08,neutral,event_boundary
sub-cs58,161.16,neutral,event_boundary
sub-cs58,163.08,neutral,event_boundary
sub-cs58,167.28,neutral,event_boundary
sub-cs58,169.04,neutral,event_boundary
sub-cs58,170.68,neutral,event_boundary
sub-cs58,171.84,neutral,event_boundary
sub-cs58,173.48,neutral,event_boundary
sub-cs58,184.92,neutral,event_boundary
sub-cs58,211.6,neutral,event_boundary
sub-cs58,217.48,neutral,event_boundary
sub-cs58,254.24,neutral,event_boundary
sub-cs58,256.12,neutral,event_boundary
sub-cs58,261.6,neutral,event_boundary
sub-cs58,264.84,neutral,event_boundary
sub-cs58,266.68,neutral,event_boundary
sub-cs58,269.24,neutral,event_boundary
sub-cs58,273.04,neutral,event_boundary
sub-cs58,277.28,neutral,event_boundary
sub-cs58,281.28,neutral,event_boundary
sub-cs58,284.56,neutral,event_boundary
sub-cs58,288.76,neutral,event_boundary
sub-cs58,291.44,neutral,event_boundary
sub-cs58,307.88,neutral,event_boundary
sub-cs58,314.48,neutral,event_boundary
sub-cs58,328.52,neutral,event_boundary
sub-cs58,340.76,neutral,event_boundary
sub-cs58,346.2,neutral,event_boundary
sub-cs58,350.0,neutral,event_boundary
sub-cs58,357.84,neutral,event_boundary
sub-cs58,360.0,neutral,event_boundary
sub-cs58,362.56,neutral,event_boundary
sub-cs58,364.92,neutral,event_boundary
sub-cs58,367.76,neutral,event_boundary
sub-cs58,369.44,neutral,event_boundary
sub-cs58,371.64,neutral,event_boundary
sub-cs58,389.64,neutral,event_boundary
sub-cs58,407.88,neutral,event_boundary
sub-cs58,409.72,neutral,event_boundary
sub-cs58,419.04,neutral,event_boundary
sub-cs58,420.24,neutral,event_boundary
sub-cs58,424.36,neutral,event_boundary
sub-cs58,427.64,neutral,event_boundary
sub-cs58,428.72,neutral,event_boundary
sub-cs58,431.52,neutral,event_boundary
sub-cs58,433.48,neutral,event_boundary
sub-cs58,435.0,neutral,event_boundary
sub-cs58,437.52,neutral,event_boundary
sub-cs58,439.6,neutral,event_boundary
sub-cs58,442.28,neutral,event_boundary
sub-cs58,445.24,neutral,event_boundary
sub-cs58,450.04,neutral,event_boundary
sub-cs58,451.4,neutral,event_boundary
sub-cs58,453.04,neutral,event_boundary
sub-cs58,453.88,neutral,event_boundary
sub-cs58,456.44,neutral,event_boundary
sub-cs58,456.96,neutral,event_boundary
sub-cs58,459.32,neutral,event_boundary
sub-cs58,475.44,neutral,event_boundary
sub-cs60,0.0,neutral,event_boundary
sub-cs60,4.72,neutral,event_boundary
sub-cs60,15.0,neutral,event_boundary
sub-cs60,16.72,neutral,event_boundary
sub-cs60,19.08,neutral,event_boundary
sub-cs60,21.72,neutral,event_boundary
sub-cs60,25.08,neutral,event_boundary
sub-cs60,27.08,neutral,event_boundary
sub-cs60,37.64,neutral,event_boundary
sub-cs60,46.16,neutral,event_boundary
sub-cs60,66.28,neutral,event_boundary
sub-cs60,66.8,neutral,event_boundary
sub-cs60,90.16,neutral,event_boundary
sub-cs60,92.72,neutral,event_boundary
sub-cs60,94.88,neutral,event_boundary
sub-cs60,99.32,neutral,event_boundary
sub-cs60,103.64,neutral,event_boundary
sub-cs60,108.28,neutral,event_boundary
sub-cs60,113.44,neutral,event_boundary
sub-cs60,115.0,neutral,event_boundary
sub-cs60,117.96,neutral,event_boundary
sub-cs60,120.0,neutral,event_boundary
sub-cs60,121.88,neutral,event_boundary
sub-cs60,126.52,neutral,event_boundary
sub-cs60,129.2,neutral,event_boundary
sub-cs60,137.56,neutral,event_boundary
sub-cs60,140.36,neutral,event_boundary
sub-cs60,143.36,neutral,event_boundary
sub-cs60,145.24,neutral,event_boundary
sub-cs60,147.88,neutral,event_boundary
sub-cs60,149.4,neutral,event_boundary
sub-cs60,150.76,neutral,event_boundary
sub-cs60,153.4,neutral,event_boundary
sub-cs60,153.92,neutral,event_boundary
sub-cs60,159.08,neutral,event_boundary
sub-cs60,161.16,neutral,event_boundary
sub-cs60,163.08,neutral,event_boundary
sub-cs60,167.28,neutral,event_boundary
sub-cs60,169.04,neutral,event_boundary
sub-cs60,170.68,neutral,event_boundary
sub-cs60,171.84,neutral,event_boundary
sub-cs60,173.48,neutral,event_boundary
sub-cs60,184.92,neutral,event_boundary
sub-cs60,211.6,neutral,event_boundary
sub-cs60,217.48,neutral,event_boundary
sub-cs60,254.24,neutral,event_boundary
sub-cs60,256.12,neutral,event_boundary
sub-cs60,261.6,neutral,event_boundary
sub-cs60,264.84,neutral,event_boundary
sub-cs60,266.68,neutral,event_boundary
sub-cs60,269.24,neutral,event_boundary
sub-cs60,273.04,neutral,event_boundary
sub-cs60,277.28,neutral,event_boundary
sub-cs60,281.28,neutral,event_boundary
sub-cs60,284.56,neutral,event_boundary
sub-cs60,288.76,neutral,event_boundary
sub-cs60,291.44,neutral,event_boundary
sub-cs60,307.88,neutral,event_boundary
sub-cs60,314.48,neutral,event_boundary
sub-cs60,328.52,neutral,event_boundary
sub-cs60,340.76,neutral,event_boundary
sub-cs60,346.2,neutral,event_boundary
sub-cs60,350.0,neutral,event_boundary
sub-cs60,357.84,neutral,event_boundary
sub-cs60,360.0,neutral,event_boundary
sub-cs60,362.56,neutral,event_boundary
sub-cs60,364.92,neutral,event_boundary
sub-cs60,367.76,neutral,event_boundary
sub-cs60,369.44,neutral,event_boundary
sub-cs60,371.64,neutral,event_boundary
sub-cs60,389.64,neutral,event_boundary
sub-cs60,407.88,neutral,event_boundary
sub-cs60,409.72,neutral,event_boundary
sub-cs60,419.04,neutral,event_boundary
sub-cs60,420.24,neutral,event_boundary
sub-cs60,424.36,neutral,event_boundary
sub-cs60,427.64,neutral,event_boundary
sub-cs60,428.72,neutral,event_boundary
sub-cs60,431.52,neutral,event_boundary
sub-cs60,433.48,neutral,event_boundary
sub-cs60,435.0,neutral,event_boundary
sub-cs60,437.52,neutral,event_boundary
sub-cs60,439.6,neutral,event_boundary
sub-cs60,442.28,neutral,event_boundary
sub-cs60,445.24,neutral,event_boundary
sub-cs60,450.04,neutral,event_boundary
sub-cs60,451.4,neutral,event_boundary
sub-cs60,453.04,neutral,event_boundary
sub-cs60,453.88,neutral,event_boundary
sub-cs60,456.44,neutral,event_boundary
sub-cs60,456.96,neutral,event_boundary
sub-cs60,459.32,neutral,event_boundary
sub-cs60,475.44,neutral,event_boundary
sub-cs62,0.0,neutral,event_boundary
sub-cs62,4.72,neutral,event_boundary
sub-cs62,15.0,neutral,event_boundary
sub-cs62,16.72,neutral,event_boundary
sub-cs62,19.08,neutral,event_boundary
sub-cs62,21.72,neutral,event_boundary
sub-cs62,25.08,neutral,event_boundary
sub-cs62,27.08,neutral,event_boundary
sub-cs62,37.64,neutral,event_boundary
sub-cs62,46.16,neutral,event_boundary
sub-cs62,66.28,neutral,event_boundary
sub-cs62,66.8,neutral,event_boundary
sub-cs62,90.16,neutral,event_boundary
sub-cs62,92.72,neutral,event_boundary
sub-cs62,94.88,neutral,event_boundary
sub-cs62,99.32,neutral,event_boundary
sub-cs62,103.64,neutral,event_boundary
sub-cs62,108.28,neutral,event_boundary
sub-cs62,113.44,neutral,event_boundary
sub-cs62,115.0,neutral,event_boundary
sub-cs62,117.96,neutral,event_boundary
sub-cs62,120.0,neutral,event_boundary
sub-cs62,121.88,neutral,event_boundary
sub-cs62,126.52,neutral,event_boundary
sub-cs62,129.2,neutral,event_boundary
sub-cs62,137.56,neutral,event_boundary
sub-cs62,140.36,neutral,event_boundary
sub-cs62,143.36,neutral,event_boundary
sub-cs62,145.24,neutral,event_boundary
sub-cs62,147.88,neutral,event_boundary
sub-cs62,149.4,neutral,event_boundary
sub-cs62,150.76,neutral,event_boundary
sub-cs62,153.4,neutral,event_boundary
sub-cs62,153.92,neutral,event_boundary
sub-cs62,159.08,neutral,event_boundary
sub-cs62,161.16,neutral,event_boundary
sub-cs62,163.08,neutral,event_boundary
sub-cs62,167.28,neutral,event_boundary
sub-cs62,169.04,neutral,event_boundary
sub-cs62,170.68,neutral,event_boundary
sub-cs62,171.84,neutral,event_boundary
sub-cs62,173.48,neutral,event_boundary
sub-cs62,184.92,neutral,event_boundary
sub-cs62,211.6,neutral,event_boundary
sub-cs62,217.48,neutral,event_boundary
sub-cs62,254.24,neutral,event_boundary
sub-cs62,256.12,neutral,event_boundary
sub-cs62,261.6,neutral,event_boundary
sub-cs62,264.84,neutral,event_boundary
sub-cs62,266.68,neutral,event_boundary
sub-cs62,269.24,neutral,event_boundary
sub-cs62,273.04,neutral,event_boundary
sub-cs62,277.28,neutral,event_boundary
sub-cs62,281.28,neutral,event_boundary
sub-cs62,284.56,neutral,event_boundary
sub-cs62,288.76,neutral,event_boundary
sub-cs62,291.44,neutral,event_boundary
sub-cs62,307.88,neutral,event_boundary
sub-cs62,314.48,neutral,event_boundary
sub-cs62,328.52,neutral,event_boundary
sub-cs62,340.76,neutral,event_boundary
sub-cs62,346.2,neutral,event_boundary
sub-cs62,350.0,neutral,event_boundary
sub-cs62,357.84,neutral,event_boundary
sub-cs62,360.0,neutral,event_boundary
sub-cs62,362.56,neutral,event_boundary
sub-cs62,364.92,neutral,event_boundary
sub-cs62,367.76,neutral,event_boundary
sub-cs62,369.44,neutral,event_boundary
sub-cs62,371.64,neutral,event_boundary
sub-cs62,389.64,neutral,event_boundary
sub-cs62,407.88,neutral,event_boundary
sub-cs62,409.72,neutral,event_boundary
sub-cs62,419.04,neutral,event_boundary
sub-cs62,420.24,neutral,event_boundary
sub-cs62,424.36,neutral,event_boundary
sub-cs62,427.64,neutral,event_boundary
sub-cs62,428.72,neutral,event_boundary
sub-cs62,431.52,neutral,event_boundary
sub-cs62,433.48,neutral,event_boundary
sub-cs62,435.0,neutral,event_boundary
sub-cs62,437.52,neutral,event_boundary
sub-cs62,439.6,neutral,event_boundary
sub-cs62,442.28,neutral,event_boundary
sub-cs62,445.24,neutral,event_boundary
sub-cs62,450.04,neutral,event_boundary
sub-cs62,451.4,neutral,event_boundary
sub-cs62,453.04,neutral,event_boundary
sub-cs62,453.88,neutral,event_boundary
sub-cs62,456.44,neutral,event_boundary
sub-cs62,456.96,neutral,event_boundary
sub-cs62,459.32,neutral,event_boundary
sub-cs62,475.44,neutral,event_boundary
